{
  "id": "mastercv-early-career-003",
  "text": "Before transitioning into technical and media-heavy roles, Jof Davies developed customer-facing and operational discipline through early employment.\n\nCineworld (2003–2005): Provided operational grounding in customer service, shift management, and process discipline.\n\nBarclaycard (2005–2006): Required accuracy, data handling, and adherence to regulated workflows.\n\nThese early positions strengthened interpersonal communication and dependable execution, forming a foundation for later technical and systems engineering roles.",
  "metadata": {
    "source": "master-cv",
    "section": "early-career-roles"
  }
}