{
  "id": "mastercv-mtdcnc-podcast-013",
  "text": "Jof Davies engineered and operated MTDCNC’s podcast and Tech Corner production workflows.\n\nFor podcasts:\n- Multicamera recording with ATEM-controlled switching.\n- Live-to-tape production or continuous recording for later assembly.\n- Audio capture, cleaning, tone balancing, and monitoring.\n- Rapid turnaround workflows for editors.\n\nFor Tech Corners:\n- Jof typically performs the roles of camera operator, vision mixer, audio technician, and editor.\n- Close-up sequences are captured separately and reintegrated during editing.\n- Content is structured for clarity, consistent branding, and technical accuracy.\n- Jof completes 12–20 Tech Corner productions per year currently, previously handling far more volume during earlier years.\n\nThese workflows combine AV engineering, editing, structure, and brand consistency.",
  "metadata": {
    "source": "master-cv",
    "section": "podcast-techcorner"
  }
}