{
  "id": "mastercv-training-037",
  "text": "Jof Davies has delivered structured internal training at MTDCNC across the following domains:\n\nCamera and Filming:\n- Training four MTDCNC staff in professional camera operation.\n- Instruction in exposure, composition, colour balance, and shot sequencing.\n- Demonstrating wireless AV systems and signal routing practices.\n\nEditing:\n- Teaching Premiere Pro fundamentals and advanced workflow optimisation.\n- Coaching junior staff on timeline management, proxy workflows, and organisational structure.\n\nCRM Systems:\n- Training teams on FiveCRM, HubSpot, and Genie.AI.\n- Educating stakeholders on deal flow, activity logging, list segmentation, and automation triggers.\n\nTraining focuses on practical competence, operational confidence, and reduced dependency on senior technical staff.",
  "metadata": {
    "source": "master-cv",
    "section": "training-systems"
  }
}