{
  "id": "mastercv-editing-034",
  "text": "Jof Davies has over 20 years of experience with Adobe Premiere Pro. His editing workflow includes:\n\n- Structured timeline organisation using markers, sub-sequences, and nested compositions.\n- Efficient proxy/offline editing using globally consistent proxy formats.\n- Colour adjustment and exposure correction for factory and studio environments.\n- Audio enhancement using EQ, noise reduction, level matching, and compression.\n- Multicamera sync and switching for podcast and Tech Corner projects.\n- Rapid editing workflows enabling high output volume during peak periods.\n\nJof historically edited up to eight videos per week and currently handles primarily Tech Corners and livestream-related post-production (12–20 annually).",
  "metadata": {
    "source": "master-cv",
    "section": "editing-workflows"
  }
}