{
  "id": "mastercv-hardware-041",
  "text": "Jof Davies has deep hands-on expertise managing and deploying audiovisual and IT hardware in production environments.\n\nHardware experience includes:\n- Blackmagic Pocket Cinema Cameras and associated rigs.\n- Sony and Panasonic professional camcorder lines.\n- Tripods, sliders, lighting rigs, and audio capture devices.\n- ATEM switchers, SDI/HDMI converters, NDI encoders.\n- Wireless systems from Hollyland, Teradek, LiveU, and Vaxis.\n- QNAP NAS systems, VLAN setups, and cross-site sync environments.\n- Windows and macOS systems for production and engineering work.\n\nThis hardware capability underpins Jof's ability to build stable, scalable production systems.",
  "metadata": {
    "source": "master-cv",
    "section": "hardware"
  }
}