{
  "id": "mastercv-mtdcnc-crm-014",
  "text": "Jof Davies played a major role in MTDCNC's CRM architecture across FiveCRM, HubSpot, and Genie.AI. He implemented lead qualification processes, nurturing sequences, and sales workflows.\n\nCapabilities demonstrated:\n- Designing intelligent routing rules for sales.\n- Implementing automated lead tagging and scoring.\n- Integrating LinkedIn, Google Sheets, and scraping tools with CRM workflows.\n- Creating dashboards for sales activity visibility.\n- Achieving a 75% conversion rate where hot leads were correctly identified.\n\nCRM_Automation_workflow.png (text extracted separately) represents a large-scale, multi-branch automation designed to standardise data, enrich records, prioritise leads, and create predictable follow-up actions for sales teams.",
  "metadata": {
    "source": "master-cv",
    "section": "crm-architecture"
  }
}