{
  "id": "mastercv-tools-038",
  "text": "The following tools have been used extensively across audiovisual, marketing, CRM, data, and automation roles:\n\nAV & Editing:\n- Adobe Premiere Pro, Adobe After Effects, DaVinci Resolve\n- ATEM Studio, ATEM Mini Extreme\n- vMix, OBS Studio\n- BMPCC cameras, Sony line, Panasonic Lumix\n- Hollyland, LiveU, Teradek, Vaxis wireless systems\n\nMarketing / Web:\n- HTML, CSS, JavaScript, PHP\n- WordPress, Drupal, Squarespace\n- HandBrake, HBBatchBeast, ffmpeg\n- Genie.AI, HubSpot, FiveCRM\n- Zapier, Phantombuster, Monday.com, ActiveCampaign\n\nData / IT:\n- SQL, MySQL, T-SQL, Access, VBA\n- Powershell, Windows Server administration\n- Cloudflare (Workers, Pages, DNS, Vectorize)\n- AWS Glacier, Dropbox sync systems\n- Git, GitHub\n\nJof demonstrates end-to-end capability across multiple disciplines and platforms.",
  "metadata": {
    "source": "master-cv",
    "section": "tools-software"
  }
}