{
  "id": "mastercv-srdm-007",
  "text": "Role: Super Rad Data Management (2012–Present, with reduced activity since 2018)\nJof Davies acted as a CRM and IT consultant for insurance-sector clients. Responsibilities included CRM migrations, data cleansing, system restructuring, and implementing renewal workflows specific to insurance operations.\n\nKey projects included:\n- Multiple insurance CRM migrations with zero data loss\n- Designing structured data models for customer, policy, and renewal tracking\n- Implementing automated workflows for renewals, cancellations, and follow-ups\n- Creating bulk data cleaning routines for Excel and SQL-based systems\n- Delivering technical support around IT, hosting, and systems integration\n\nThis period demonstrates high proficiency in CRM architecture, data modelling, and operational automation design.",
  "metadata": {
    "source": "master-cv",
    "section": "employment-history"
  }
}