{
  "id": "mastercv-mtdcnc-summary-009",
  "text": "At MTDCNC (2016–Present), Jof Davies holds a comprehensive technical role spanning video engineering, global ingest pipeline design, automation architecture, CRM development, email marketing engineering, livestream operation, and staff training. Jof functions simultaneously as a systems architect, workflow designer, automation specialist, senior videographer, and IT/AV engineer.\n\nKey domains include:\n- Global ingest system design using QNAP, Dropbox, AWS Glacier, and automated proxy generation.\n- CRM automation architecture across FiveCRM, HubSpot, and Genie.AI.\n- Email marketing engineering, including large-scale template frameworks and deliverability systems.\n- High-throughput automation pipelines for YouTube publishing, LinkedIn-to-WordPress article creation, and metadata handling.\n- Multicamera livestream direction and operation using vMix, ATEM, NDI/SDI, and SRT/RTMP technologies.\n- Studio-based podcast and Tech Corner production workflows.\n- Training staff across editing, camera operation, livestream technical handling, and CRM usage.\n\nThis role integrates operational, creative, engineering, and automation capabilities into a unified technical function.",
  "metadata": {
    "source": "master-cv",
    "section": "mtdcnc-summary"
  }
}