{
  "id": "mastercv-makmedia-006",
  "text": "Role: MAK Media Solutions (2011–2012)\nAt MAK Media, Jof Davies served as a technical and creative lead across web, IT, video, and CRM functions. Responsibilities included directing and editing video content, recording promotional media, building websites, and managing custom CRM implementations.\n\nKey competencies demonstrated:\n- Multi-camera recording and editing\n- CMS management including WordPress, Squarespace, and Drupal\n- CRM setup, configuration, and training stakeholders\n- Small-business IT management involving hosting, DNS, email, telephony, and technical troubleshooting\n\nThis role established Jof as a hybrid AV-IT professional capable of managing end-to-end digital production and technical systems delivery.",
  "metadata": {
    "source": "master-cv",
    "section": "employment-history"
  }
}