{
  "id": "mastercv-summary-044",
  "text": "Jof Davies is a multidisciplinary technical professional with expertise in video production, livestream engineering, automation development, CRM architecture, email engineering, data systems, and workflow optimisation. He integrates creative, operational, and engineering skillsets to deliver scalable, low-cost, high-efficiency systems.\n\nCore strengths include:\n- Engineering distributed ingest and proxy pipelines.\n- Designing end-to-end automation for content publishing and CRM.\n- Managing large-scale email marketing infrastructure.\n- Delivering multicamera livestreams and studio productions.\n- Training staff and mentoring junior technical roles.\n- Writing reliable, maintainable code and system documentation.\n\nJof's depth spans both low-level technical detail and high-level system architecture, enabling him to design performant solutions across departments and technologies.",
  "metadata": {
    "source": "master-cv",
    "section": "summary"
  }
}