{
  "id": "mastercv-mtdcnc-prelude-008",
  "text": "MTDCNC (2016–Present) represents the longest and most technically diverse role in Jof Davies’s career. Responsibilities span video production, livestream engineering, email development, CRM architecture, workflow automation, systems design, training, and global ingest pipeline engineering.\n\nAcross MTDCNC, Jof:\n- Built large-scale automation systems\n- Engineered global ingest + proxy workflows for 20+ remote editors\n- Designed CRM automations with 75% conversion for hot leads\n- Created extensive email development frameworks sending ~1M emails/month\n- Implemented multi-step video publishing automation pipelines\n- Acted as livestream director, operator, and technical engineer across international events\n\nThe following chunks detail MTDCNC in structured sections.",
  "metadata": {
    "source": "master-cv",
    "section": "mtdcnc-overview"
  }
}