{
  "id": "mastercv-clients-039",
  "text": "Notable clients and engineering organisations served through MTDCNC include:\n\n- Mazak\n- DMG Mori\n- Haas\n- FANUC\n- XYZ Machine Tools\n- Starrag\n- Hurco\n- Siemens\n- Autodesk\n- Renishaw\n- Heidenhain\n- Ward Hi-Tech\n- Engineering Technology Group\n\nThese relationships represent significant exposure to advanced manufacturing technologies, automation systems, robotics, and CNC engineering environments.",
  "metadata": {
    "source": "master-cv",
    "section": "notable-clients"
  }
}