{
  "id": "mastercv-podcast-036",
  "text": "Podcast production responsibilities include:\n\n- Multi-camera switching via ATEM during live-to-tape capture.\n- Dedicated audio capture with clean gain structure and treatment.\n- Live monitoring of levels, noise, room tone, and compression thresholds.\n- Marker placement and metadata notes for post-production efficiency.\n- Delivering isolated camera angles for editors when needed.\n- Ensuring consistent branding, framing, and lighting across episodes.\n\nThis workflow combines AV engineering precision with editorial awareness.",
  "metadata": {
    "source": "master-cv",
    "section": "podcast-engineering"
  }
}