{
  "id": "mastercv-attributes-031",
  "text": "Jof Davies demonstrates strong discipline in both technical and operational domains. Attributes include:\n\n- Systems thinking: designs workflows end-to-end with long-term stability.\n- Reliability: maintains consistent execution across high-throughput workloads.\n- Documentation: produces clear explanations, templates, diagrams, and SOPs.\n- Adaptability: rapidly learns new systems, APIs, tools, and workflows.\n- Communication: translates technical concepts into accessible explanations.\n- Initiative: proactively identifies inefficiencies and builds automated solutions.\n- Precision: emphasises accuracy in data work, email coding, and video processing.",
  "metadata": {
    "source": "master-cv",
    "section": "professional-attributes"
  }
}