{
  "id": "mastercv-mtdcnc-training-018",
  "text": "Jof Davies provided training across multiple technical domains at MTDCNC.\n\nTraining responsibilities:\n- Coaching 4 staff members in camera operation and video editing.\n- Training 5–10 camera staff over several years in livestream workflows, file management, and technical setups.\n- Delivering CRM training to stakeholders and staff across multiple platforms.\n- Mentoring junior editors informally in organisation, editing structure, technical hygiene, and workflow reliability.\n\nTraining outputs emphasise process clarity, system understanding, and professional discipline.",
  "metadata": {
    "source": "master-cv",
    "section": "training-mentoring"
  }
}