{
  "id": "mastercv-skills-soft-030",
  "text": "Soft skills audit results (1–5):\n\nCommunication:\n- Written Communication: 5\n- Verbal Communication: 5\n- Technical Translation: 5\n\nLeadership:\n- Team Leadership: 4\n- Mentoring & Coaching: 5\n- Stakeholder Management: 5\n\nProblem Solving:\n- Troubleshooting: 5\n- Analytical Thinking: 5\n- Root Cause Analysis: 5\n\nPlanning:\n- Project Management: 4\n- Prioritisation: 5\n- Process Design: 5\n\nCreativity:\n- System Design Creativity: 5\n- Content Creativity: 4\n- Innovation: 5\n\nInterpersonal:\n- Collaboration: 5\n- Client Interaction: 5\n- Conflict Resolution: 4\n\nAdaptability:\n- Learning Agility: 5\n- Change Management: 5\n- Resilience: 5\n\nProfessionalism:\n- Time Management: 5\n- Attention to Detail: 5\n- Integrity: 5\n- Work Ethic: 5",
  "metadata": {
    "source": "master-cv",
    "section": "skills-soft"
  }
}