line_number,spoken_line_cue,phonics_performance_cue,script_or_sound,current_recording_location_and_filename,new_recording_location_and_filename,recording_type,letter,recording_notes,lookup_key,recording_id,current_duration_seconds,current_recording_url
001,Line zero zero one.,"Short a, as in apple. Ah. Keep it short, not the letter name.","Short a, as in apple; Ah",C:\hirednerds-portfolio\public\fireworks\little-patterns\assets\voice\d9d7035b812ea372.wav,,phonics,A,"Record only the sound, not the letter name, this instruction, or the internal lookup key.",phonics-a,d9d7035b812ea372,0.523,https://kpopboom.party/little-patterns/assets/voice/d9d7035b812ea372.wav
002,Line zero zero two.,The b sound at the start of bus. Make the sound only.,Letter B: record its phonics sound,C:\hirednerds-portfolio\public\fireworks\little-patterns\assets\voice\e0fe87b9ef1bd5b3.wav,,phonics,B,"Record only the sound, not the letter name, this instruction, or the internal lookup key. Existing clip uses a spelling-based approximation; listen before replacing.",buh,e0fe87b9ef1bd5b3,0.38,https://kpopboom.party/little-patterns/assets/voice/e0fe87b9ef1bd5b3.wav
003,Line zero zero three.,The hard c sound at the start of cat. Make the sound only.,Letter C: record its phonics sound,C:\hirednerds-portfolio\public\fireworks\little-patterns\assets\voice\d303d1e2da806b11.wav,,phonics,C,"Record only the sound, not the letter name, this instruction, or the internal lookup key. Existing clip uses a spelling-based approximation; listen before replacing.",cuh,d303d1e2da806b11,0.418,https://kpopboom.party/little-patterns/assets/voice/d303d1e2da806b11.wav
004,Line zero zero four.,The d sound at the start of dog. Make the sound only.,Letter D: record its phonics sound,C:\hirednerds-portfolio\public\fireworks\little-patterns\assets\voice\8bf8d03ef2ed098c.wav,,phonics,D,"Record only the sound, not the letter name, this instruction, or the internal lookup key. Existing clip uses a spelling-based approximation; listen before replacing.",duh,8bf8d03ef2ed098c,0.411,https://kpopboom.party/little-patterns/assets/voice/8bf8d03ef2ed098c.wav
005,Line zero zero five.,"Short e, as in egg. Eh, not ay.","Short e, as in egg; Eh",C:\hirednerds-portfolio\public\fireworks\little-patterns\assets\voice\4b1d090638ef2d10.wav,,phonics,E,"Record only the sound, not the letter name, this instruction, or the internal lookup key.",phonics-e,4b1d090638ef2d10,0.386,https://kpopboom.party/little-patterns/assets/voice/4b1d090638ef2d10.wav
006,Line zero zero six.,The f sound at the start of fish. Make the sound only.,Letter F: record its phonics sound,C:\hirednerds-portfolio\public\fireworks\little-patterns\assets\voice\644773b2a640de10.wav,,phonics,F,"Record only the sound, not the letter name, this instruction, or the internal lookup key. Existing clip uses a spelling-based approximation; listen before replacing.",fuh,644773b2a640de10,0.373,https://kpopboom.party/little-patterns/assets/voice/644773b2a640de10.wav
007,Line zero zero seven.,The hard g sound at the start of goat. Make the sound only.,Letter G: record its phonics sound,C:\hirednerds-portfolio\public\fireworks\little-patterns\assets\voice\8adc754deabcaf8e.wav,,phonics,G,"Record only the sound, not the letter name, this instruction, or the internal lookup key. Existing clip uses a spelling-based approximation; listen before replacing.",guh,8adc754deabcaf8e,0.382,https://kpopboom.party/little-patterns/assets/voice/8adc754deabcaf8e.wav
008,Line zero zero eight.,The h sound at the start of hat. Make the sound only.,Letter H: record its phonics sound,C:\hirednerds-portfolio\public\fireworks\little-patterns\assets\voice\e48510d1ff85568d.wav,,phonics,H,"Record only the sound, not the letter name, this instruction, or the internal lookup key. Existing clip uses a spelling-based approximation; listen before replacing.",huh,e48510d1ff85568d,0.385,https://kpopboom.party/little-patterns/assets/voice/e48510d1ff85568d.wav
009,Line zero zero nine.,"Short i, as in in. Not eye.","Short i, as in in; not eye",C:\hirednerds-portfolio\public\fireworks\little-patterns\assets\voice\e6a17ba6139ca932.wav,,phonics,I,"Record only the sound, not the letter name, this instruction, or the internal lookup key.",phonics-i,e6a17ba6139ca932,0.476,https://kpopboom.party/little-patterns/assets/voice/e6a17ba6139ca932.wav
010,Line zero one zero.,The j sound at the start of jam. Make the sound only.,Letter J: record its phonics sound,C:\hirednerds-portfolio\public\fireworks\little-patterns\assets\voice\5c2ed1176c910bba.wav,,phonics,J,"Record only the sound, not the letter name, this instruction, or the internal lookup key. Existing clip uses a spelling-based approximation; listen before replacing.",juh,5c2ed1176c910bba,0.41,https://kpopboom.party/little-patterns/assets/voice/5c2ed1176c910bba.wav
011,Line zero one one.,The k sound at the start of kite. Make the sound only.,Letter K: record its phonics sound,C:\hirednerds-portfolio\public\fireworks\little-patterns\assets\voice\4531a6e8544d9f5a.wav,,phonics,K,"Record only the sound, not the letter name, this instruction, or the internal lookup key. Existing clip uses a spelling-based approximation; listen before replacing.",kuh,4531a6e8544d9f5a,0.388,https://kpopboom.party/little-patterns/assets/voice/4531a6e8544d9f5a.wav
012,Line zero one two.,"Ul, ending in l. Not the letter name and not luh.","Ul, ending in l",C:\hirednerds-portfolio\public\fireworks\little-patterns\assets\voice\c66d9929f219107e.wav,,phonics,L,"Record only the sound, not the letter name, this instruction, or the internal lookup key.",phonics-l,c66d9929f219107e,0.364,https://kpopboom.party/little-patterns/assets/voice/c66d9929f219107e.wav
013,Line zero one three.,The m sound at the start of moon. Make the sound only.,Letter M: record its phonics sound,C:\hirednerds-portfolio\public\fireworks\little-patterns\assets\voice\8cf5844c38045aa1.wav,,phonics,M,"Record only the sound, not the letter name, this instruction, or the internal lookup key. Existing clip uses a spelling-based approximation; listen before replacing.",muh,8cf5844c38045aa1,0.434,https://kpopboom.party/little-patterns/assets/voice/8cf5844c38045aa1.wav
014,Line zero one four.,The n sound at the start of nest. Make the sound only.,Letter N: record its phonics sound,C:\hirednerds-portfolio\public\fireworks\little-patterns\assets\voice\dcf2e01ec4ea88bf.wav,,phonics,N,"Record only the sound, not the letter name, this instruction, or the internal lookup key. Existing clip uses a spelling-based approximation; listen before replacing.",nuh,dcf2e01ec4ea88bf,0.425,https://kpopboom.party/little-patterns/assets/voice/dcf2e01ec4ea88bf.wav
015,Line zero one five.,"Short o, as in off or on. Not oh.","Short o, as in off or on",C:\hirednerds-portfolio\public\fireworks\little-patterns\assets\voice\3a40254ce551234c.wav,,phonics,O,"Record only the sound, not the letter name, this instruction, or the internal lookup key.",phonics-o,3a40254ce551234c,0.427,https://kpopboom.party/little-patterns/assets/voice/3a40254ce551234c.wav
016,Line zero one six.,The p sound at the start of pot. Make the sound only.,Letter P: record its phonics sound,C:\hirednerds-portfolio\public\fireworks\little-patterns\assets\voice\6dc77b6b33cfb87c.wav,,phonics,P,"Record only the sound, not the letter name, this instruction, or the internal lookup key. Existing clip uses a spelling-based approximation; listen before replacing.",puh,6dc77b6b33cfb87c,0.42,https://kpopboom.party/little-patterns/assets/voice/6dc77b6b33cfb87c.wav
017,Line zero one seven.,The qu sound at the start of queen. Make the sound only.,Letter Q: record its phonics sound,C:\hirednerds-portfolio\public\fireworks\little-patterns\assets\voice\57c4b8ce664bec85.wav,,phonics,Q,"Record only the sound, not the letter name, this instruction, or the internal lookup key. Existing clip uses a spelling-based approximation; listen before replacing.",kwuh,57c4b8ce664bec85,0.383,https://kpopboom.party/little-patterns/assets/voice/57c4b8ce664bec85.wav
018,Line zero one eight.,"Sustained r, as in rurrrr. Not the letter name.",Sustained r; rurrrr,C:\hirednerds-portfolio\public\fireworks\little-patterns\assets\voice\6bc2da7bf883f8c8.wav,,phonics,R,"Record only the sound, not the letter name, this instruction, or the internal lookup key.",phonics-r,6bc2da7bf883f8c8,0.346,https://kpopboom.party/little-patterns/assets/voice/6bc2da7bf883f8c8.wav
019,Line zero one nine.,The s sound at the start of sun. Make the sound only.,Letter S: record its phonics sound,C:\hirednerds-portfolio\public\fireworks\little-patterns\assets\voice\09444a69322fe262.wav,,phonics,S,"Record only the sound, not the letter name, this instruction, or the internal lookup key. Existing clip uses a spelling-based approximation; listen before replacing.",suh,09444a69322fe262,0.404,https://kpopboom.party/little-patterns/assets/voice/09444a69322fe262.wav
020,Line zero two zero.,The t sound at the start of top. Make the sound only.,Letter T: record its phonics sound,C:\hirednerds-portfolio\public\fireworks\little-patterns\assets\voice\56da34e117f26910.wav,,phonics,T,"Record only the sound, not the letter name, this instruction, or the internal lookup key. Existing clip uses a spelling-based approximation; listen before replacing.",tuh,56da34e117f26910,0.375,https://kpopboom.party/little-patterns/assets/voice/56da34e117f26910.wav
021,Line zero two one.,"Short u, as in up. Uh, not you.",Letter U: record its phonics sound,C:\hirednerds-portfolio\public\fireworks\little-patterns\assets\voice\beba745afae85039.wav,,phonics,U,"Record only the sound, not the letter name, this instruction, or the internal lookup key. Existing clip uses a spelling-based approximation; listen before replacing.",uh,beba745afae85039,0.364,https://kpopboom.party/little-patterns/assets/voice/beba745afae85039.wav
022,Line zero two two.,The v sound at the start of van. Make the sound only.,Letter V: record its phonics sound,C:\hirednerds-portfolio\public\fireworks\little-patterns\assets\voice\aec36b9bd60a968b.wav,,phonics,V,"Record only the sound, not the letter name, this instruction, or the internal lookup key. Existing clip uses a spelling-based approximation; listen before replacing.",vuh,aec36b9bd60a968b,0.393,https://kpopboom.party/little-patterns/assets/voice/aec36b9bd60a968b.wav
023,Line zero two three.,The w sound at the start of wet. Make the sound only.,Letter W: record its phonics sound,C:\hirednerds-portfolio\public\fireworks\little-patterns\assets\voice\de32b2ec5fa60ef8.wav,,phonics,W,"Record only the sound, not the letter name, this instruction, or the internal lookup key. Existing clip uses a spelling-based approximation; listen before replacing.",wuh,de32b2ec5fa60ef8,0.458,https://kpopboom.party/little-patterns/assets/voice/de32b2ec5fa60ef8.wav
024,Line zero two four.,"Kus: one sound sequence, not the names of letters.","Kus, one sound sequence rather than letter names",C:\hirednerds-portfolio\public\fireworks\little-patterns\assets\voice\41d3158aad4af591.wav,,phonics,X,"Record only the sound, not the letter name, this instruction, or the internal lookup key.",phonics-x,41d3158aad4af591,0.471,https://kpopboom.party/little-patterns/assets/voice/41d3158aad4af591.wav
025,Line zero two five.,The y sound at the start of yes. Make the sound only.,Letter Y: record its phonics sound,C:\hirednerds-portfolio\public\fireworks\little-patterns\assets\voice\de9cacd3ffd7b623.wav,,phonics,Y,"Record only the sound, not the letter name, this instruction, or the internal lookup key. Existing clip uses a spelling-based approximation; listen before replacing.",yuh,de9cacd3ffd7b623,0.437,https://kpopboom.party/little-patterns/assets/voice/de9cacd3ffd7b623.wav
026,Line zero two six.,Voiced zzzuh. Not suh and not the letter name.,"Voiced zzzuh, not s",C:\hirednerds-portfolio\public\fireworks\little-patterns\assets\voice\f0a7e77bf713674d.wav,,phonics,Z,"Record only the sound, not the letter name, this instruction, or the internal lookup key.",phonics-z,f0a7e77bf713674d,0.409,https://kpopboom.party/little-patterns/assets/voice/f0a7e77bf713674d.wav
027,Line zero two seven.,,A blank can grow.,C:\hirednerds-portfolio\public\fireworks\little-patterns\assets\voice\318737ba812203d6.wav,,sentence with blank,,Say the word blank aloud.,a blank can grow,318737ba812203d6,1.152,https://kpopboom.party/little-patterns/assets/voice/318737ba812203d6.wav
028,Line zero two eight.,,"A butterfly lands near Robin. Robin says, I feel surprised.",C:\hirednerds-portfolio\public\fireworks\little-patterns\assets\voice\c79cbe0f23b56ed6.wav,,feelings,,,"a butterfly lands near robin. robin says, i feel surprised",c79cbe0f23b56ed6,3.639,https://kpopboom.party/little-patterns/assets/voice/c79cbe0f23b56ed6.wav
029,Line zero two nine.,,A different picture. Look again.,C:\hirednerds-portfolio\public\fireworks\little-patterns\assets\voice\067075d55b7b1d71.wav,,feelings,,,a different picture. look again,067075d55b7b1d71,1.331,https://kpopboom.party/little-patterns/assets/voice/067075d55b7b1d71.wav
030,Line zero three zero.,,A fish can blank.,C:\hirednerds-portfolio\public\fireworks\little-patterns\assets\voice\a53140d5bdb890dd.wav,,sentence with blank,,Say the word blank aloud.,a fish can blank,a53140d5bdb890dd,1.067,https://kpopboom.party/little-patterns/assets/voice/a53140d5bdb890dd.wav
031,Line zero three one.,,A fish can SWIM.,C:\hirednerds-portfolio\public\fireworks\little-patterns\assets\voice\de2b9df1ad40e761.wav,,complete sentence,,,a fish can swim,de2b9df1ad40e761,1.017,https://kpopboom.party/little-patterns/assets/voice/de2b9df1ad40e761.wav
032,Line zero three two.,,A FLOWER can grow.,C:\hirednerds-portfolio\public\fireworks\little-patterns\assets\voice\8ef20b3c7328254f.wav,,complete sentence,,,a flower can grow,8ef20b3c7328254f,1.137,https://kpopboom.party/little-patterns/assets/voice/8ef20b3c7328254f.wav
033,Line zero three three.,,A wet blank can swim.,C:\hirednerds-portfolio\public\fireworks\little-patterns\assets\voice\6ec83d37028ce3b3.wav,,sentence with blank,,Say the word blank aloud.,a wet blank can swim,6ec83d37028ce3b3,1.451,https://kpopboom.party/little-patterns/assets/voice/6ec83d37028ce3b3.wav
034,Line zero three four.,,A wet FISH can swim.,C:\hirednerds-portfolio\public\fireworks\little-patterns\assets\voice\0850135ee07514d8.wav,,complete sentence,,,a wet fish can swim,0850135ee07514d8,1.463,https://kpopboom.party/little-patterns/assets/voice/0850135ee07514d8.wav
035,Line zero three five.,,A word for my feeling.,C:\hirednerds-portfolio\public\fireworks\little-patterns\assets\voice\88a230c523e155e0.wav,,feelings,,,a word for my feeling,88a230c523e155e0,1.272,https://kpopboom.party/little-patterns/assets/voice/88a230c523e155e0.wav
036,Line zero three six.,,"Ali has planted a seed. Ali says, I feel proud.",C:\hirednerds-portfolio\public\fireworks\little-patterns\assets\voice\ae316f9d5c309ed3.wav,,feelings,,,"ali has planted a seed. ali says, i feel proud",ae316f9d5c309ed3,3.224,https://kpopboom.party/little-patterns/assets/voice/ae316f9d5c309ed3.wav
037,Line zero three seven.,,Ali is angry.,C:\hirednerds-portfolio\public\fireworks\little-patterns\assets\voice\0c249c9ef311e25b.wav,,feelings,,,ali is angry,0c249c9ef311e25b,1.02,https://kpopboom.party/little-patterns/assets/voice/0c249c9ef311e25b.wav
038,Line zero three eight.,,"Ali is building. The tower keeps falling. Ali says, I feel angry.",C:\hirednerds-portfolio\public\fireworks\little-patterns\assets\voice\93dc09c678f2eb9c.wav,,feelings,,,"ali is building. the tower keeps falling. ali says, i feel angry",93dc09c678f2eb9c,4.114,https://kpopboom.party/little-patterns/assets/voice/93dc09c678f2eb9c.wav
039,Line zero three nine.,,Ali is calm.,C:\hirednerds-portfolio\public\fireworks\little-patterns\assets\voice\34f8f3a3ae9e4d7f.wav,,feelings,,,ali is calm,34f8f3a3ae9e4d7f,0.905,https://kpopboom.party/little-patterns/assets/voice/34f8f3a3ae9e4d7f.wav
040,Line zero four zero.,,Ali is disappointed.,C:\hirednerds-portfolio\public\fireworks\little-patterns\assets\voice\5688ec9603bb315a.wav,,feelings,,,ali is disappointed,5688ec9603bb315a,1.357,https://kpopboom.party/little-patterns/assets/voice/5688ec9603bb315a.wav
041,Line zero four one.,,Ali is excited.,C:\hirednerds-portfolio\public\fireworks\little-patterns\assets\voice\78776f9d06eca6a4.wav,,feelings,,,ali is excited,78776f9d06eca6a4,1.21,https://kpopboom.party/little-patterns/assets/voice/78776f9d06eca6a4.wav
042,Line zero four two.,,Ali is frustrated.,C:\hirednerds-portfolio\public\fireworks\little-patterns\assets\voice\993a7ed5e448b8a3.wav,,feelings,,,ali is frustrated,993a7ed5e448b8a3,1.271,https://kpopboom.party/little-patterns/assets/voice/993a7ed5e448b8a3.wav
043,Line zero four three.,,Ali is happy.,C:\hirednerds-portfolio\public\fireworks\little-patterns\assets\voice\0cbce78803d516f9.wav,,feelings,,,ali is happy,0cbce78803d516f9,0.929,https://kpopboom.party/little-patterns/assets/voice/0cbce78803d516f9.wav
044,Line zero four four.,,Ali is proud.,C:\hirednerds-portfolio\public\fireworks\little-patterns\assets\voice\9ee0b4a48b0b177f.wav,,feelings,,,ali is proud,9ee0b4a48b0b177f,1.131,https://kpopboom.party/little-patterns/assets/voice/9ee0b4a48b0b177f.wav
045,Line zero four five.,,Ali is sad.,C:\hirednerds-portfolio\public\fireworks\little-patterns\assets\voice\d5f69273e723df09.wav,,feelings,,,ali is sad,d5f69273e723df09,0.994,https://kpopboom.party/little-patterns/assets/voice/d5f69273e723df09.wav
046,Line zero four six.,,Ali is surprised.,C:\hirednerds-portfolio\public\fireworks\little-patterns\assets\voice\fd3222d50e4c9749.wav,,feelings,,,ali is surprised,fd3222d50e4c9749,1.219,https://kpopboom.party/little-patterns/assets/voice/fd3222d50e4c9749.wav
047,Line zero four seven.,,"Ali is trying a new slide. Ali says, I feel worried.",C:\hirednerds-portfolio\public\fireworks\little-patterns\assets\voice\2cba84aa26e49a99.wav,,feelings,,,"ali is trying a new slide. ali says, i feel worried",2cba84aa26e49a99,3.492,https://kpopboom.party/little-patterns/assets/voice/2cba84aa26e49a99.wav
048,Line zero four eight.,,"Ali is trying to untie a knot. Ali says, I feel frustrated.",C:\hirednerds-portfolio\public\fireworks\little-patterns\assets\voice\714d67a2f765f5cf.wav,,feelings,,,"ali is trying to untie a knot. ali says, i feel frustrated",714d67a2f765f5cf,4.11,https://kpopboom.party/little-patterns/assets/voice/714d67a2f765f5cf.wav
049,Line zero four nine.,,Ali is worried.,C:\hirednerds-portfolio\public\fireworks\little-patterns\assets\voice\90f3a9006b2e2160.wav,,feelings,,,ali is worried,90f3a9006b2e2160,1.021,https://kpopboom.party/little-patterns/assets/voice/90f3a9006b2e2160.wav
050,Line zero five zero.,,"Ali says, I feel angry.",C:\hirednerds-portfolio\public\fireworks\little-patterns\assets\voice\7a51f6b4843294ed.wav,,feelings,,,"ali says, i feel angry",7a51f6b4843294ed,1.774,https://kpopboom.party/little-patterns/assets/voice/7a51f6b4843294ed.wav
051,Line zero five one.,,"Ali says, I feel frustrated.",C:\hirednerds-portfolio\public\fireworks\little-patterns\assets\voice\ce427c63ffb341e9.wav,,feelings,,,"ali says, i feel frustrated",ce427c63ffb341e9,2.022,https://kpopboom.party/little-patterns/assets/voice/ce427c63ffb341e9.wav
052,Line zero five two.,,"Ali says, I feel happy.",C:\hirednerds-portfolio\public\fireworks\little-patterns\assets\voice\aa0275a9d7d3b86f.wav,,feelings,,,"ali says, i feel happy",aa0275a9d7d3b86f,1.466,https://kpopboom.party/little-patterns/assets/voice/aa0275a9d7d3b86f.wav
053,Line zero five three.,,"Ali says, I feel proud.",C:\hirednerds-portfolio\public\fireworks\little-patterns\assets\voice\7d9bda1f17acf2dd.wav,,feelings,,,"ali says, i feel proud",7d9bda1f17acf2dd,1.646,https://kpopboom.party/little-patterns/assets/voice/7d9bda1f17acf2dd.wav
054,Line zero five four.,,"Ali says, I feel worried.",C:\hirednerds-portfolio\public\fireworks\little-patterns\assets\voice\7b41fd237f719689.wav,,feelings,,,"ali says, i feel worried",7b41fd237f719689,1.775,https://kpopboom.party/little-patterns/assets/voice/7b41fd237f719689.wav
055,Line zero five five.,,"Ali sees a flower in the garden. Ali says, I feel happy.",C:\hirednerds-portfolio\public\fireworks\little-patterns\assets\voice\a558894b56f47ffb.wav,,feelings,,,"ali sees a flower in the garden. ali says, i feel happy",a558894b56f47ffb,3.676,https://kpopboom.party/little-patterns/assets/voice/a558894b56f47ffb.wav
056,Line zero five six.,,Angry,C:\hirednerds-portfolio\public\fireworks\little-patterns\assets\voice\0a96f1960786d85f.wav,,feelings,,,angry,0a96f1960786d85f,0.553,https://kpopboom.party/little-patterns/assets/voice/0a96f1960786d85f.wav
057,Line zero five seven.,,APPLE,C:\hirednerds-portfolio\public\fireworks\little-patterns\assets\voice\3a7bd3e2360a3d29.wav,,word,,,apple,3a7bd3e2360a3d29,0.396,https://kpopboom.party/little-patterns/assets/voice/3a7bd3e2360a3d29.wav
058,Line zero five eight.,,apples,C:\hirednerds-portfolio\public\fireworks\little-patterns\assets\voice\f5903f51e341a783.wav,,word or reusable phrase,,,apples,f5903f51e341a783,0.615,https://kpopboom.party/little-patterns/assets/voice/f5903f51e341a783.wav
059,Line zero five nine.,,ASLEEP,C:\hirednerds-portfolio\public\fireworks\little-patterns\assets\voice\ea51ae6e548ffbb8.wav,,word,,,asleep,ea51ae6e548ffbb8,0.546,https://kpopboom.party/little-patterns/assets/voice/ea51ae6e548ffbb8.wav
060,Line zero six zero.,,BALL,C:\hirednerds-portfolio\public\fireworks\little-patterns\assets\voice\e9de08263f4ad491.wav,,word,,,ball,e9de08263f4ad491,0.456,https://kpopboom.party/little-patterns/assets/voice/e9de08263f4ad491.wav
061,Line zero six one.,,BASKET,C:\hirednerds-portfolio\public\fireworks\little-patterns\assets\voice\fa76d99ad957d952.wav,,word,,,basket,fa76d99ad957d952,0.565,https://kpopboom.party/little-patterns/assets/voice/fa76d99ad957d952.wav
062,Line zero six two.,,BIG,C:\hirednerds-portfolio\public\fireworks\little-patterns\assets\voice\2a21fe6d592a19b7.wav,,word,,,big,2a21fe6d592a19b7,0.396,https://kpopboom.party/little-patterns/assets/voice/2a21fe6d592a19b7.wav
063,Line zero six three.,,BUS,C:\hirednerds-portfolio\public\fireworks\little-patterns\assets\voice\04e027e4990a203f.wav,,word,,,bus,04e027e4990a203f,0.508,https://kpopboom.party/little-patterns/assets/voice/04e027e4990a203f.wav
064,Line zero six four.,,Calm,C:\hirednerds-portfolio\public\fireworks\little-patterns\assets\voice\2b4b2eadf7b2aece.wav,,feelings,,,calm,2b4b2eadf7b2aece,0.506,https://kpopboom.party/little-patterns/assets/voice/2b4b2eadf7b2aece.wav
065,Line zero six five.,,CAT,C:\hirednerds-portfolio\public\fireworks\little-patterns\assets\voice\77af778b51abd4a3.wav,,word,,,cat,77af778b51abd4a3,0.436,https://kpopboom.party/little-patterns/assets/voice/77af778b51abd4a3.wav
066,Line zero six six.,,circle,C:\hirednerds-portfolio\public\fireworks\little-patterns\assets\voice\8a39178d327e72a9.wav,,word or reusable phrase,,,circle,8a39178d327e72a9,0.523,https://kpopboom.party/little-patterns/assets/voice/8a39178d327e72a9.wav
067,Line zero six seven.,,Copy if you like. Or just look.,C:\hirednerds-portfolio\public\fireworks\little-patterns\assets\voice\2c1fbe9f0df5e77f.wav,,feelings,,,copy if you like. or just look,2c1fbe9f0df5e77f,1.559,https://kpopboom.party/little-patterns/assets/voice/2c1fbe9f0df5e77f.wav
068,Line zero six eight.,,Correct!,C:\hirednerds-portfolio\public\fireworks\little-patterns\assets\voice\15a596e3c98c407e.wav,,feelings,,,correct,15a596e3c98c407e,0.653,https://kpopboom.party/little-patterns/assets/voice/15a596e3c98c407e.wav
069,Line zero six nine.,,diamond,C:\hirednerds-portfolio\public\fireworks\little-patterns\assets\voice\81c9d6128b5fcd7b.wav,,word or reusable phrase,,,diamond,81c9d6128b5fcd7b,0.645,https://kpopboom.party/little-patterns/assets/voice/81c9d6128b5fcd7b.wav
070,Line zero seven zero.,,Disappointed,C:\hirednerds-portfolio\public\fireworks\little-patterns\assets\voice\364d78e6fc3db786.wav,,feelings,,,disappointed,364d78e6fc3db786,0.94,https://kpopboom.party/little-patterns/assets/voice/364d78e6fc3db786.wav
071,Line zero seven one.,,DOG,C:\hirednerds-portfolio\public\fireworks\little-patterns\assets\voice\cd6357efdd966de8.wav,,word,,,dog,cd6357efdd966de8,0.547,https://kpopboom.party/little-patterns/assets/voice/cd6357efdd966de8.wav
072,Line zero seven two.,,DRY,C:\hirednerds-portfolio\public\fireworks\little-patterns\assets\voice\b755cb248c3c4a7d.wav,,word,,,dry,b755cb248c3c4a7d,0.45,https://kpopboom.party/little-patterns/assets/voice/b755cb248c3c4a7d.wav
073,Line zero seven three.,,EIGHT,C:\hirednerds-portfolio\public\fireworks\little-patterns\assets\voice\c195d2d875623436.wav,,number,,,eight,c195d2d875623436,0.526,https://kpopboom.party/little-patterns/assets/voice/c195d2d875623436.wav
074,Line zero seven four.,,EIGHTEEN,C:\hirednerds-portfolio\public\fireworks\little-patterns\assets\voice\34357b18abddea18.wav,,number,,,eighteen,34357b18abddea18,0.591,https://kpopboom.party/little-patterns/assets/voice/34357b18abddea18.wav
075,Line zero seven five.,,EIGHTY,C:\hirednerds-portfolio\public\fireworks\little-patterns\assets\voice\0dbc3407a7080e3d.wav,,number,,,eighty,0dbc3407a7080e3d,0.607,https://kpopboom.party/little-patterns/assets/voice/0dbc3407a7080e3d.wav
076,Line zero seven six.,,ELEVEN,C:\hirednerds-portfolio\public\fireworks\little-patterns\assets\voice\e979074ebd5633a7.wav,,number,,,eleven,e979074ebd5633a7,0.529,https://kpopboom.party/little-patterns/assets/voice/e979074ebd5633a7.wav
077,Line zero seven seven.,,equals,C:\hirednerds-portfolio\public\fireworks\little-patterns\assets\voice\e93cb41d4a7d2395.wav,,word or reusable phrase,,,equals,e93cb41d4a7d2395,0.665,https://kpopboom.party/little-patterns/assets/voice/e93cb41d4a7d2395.wav
078,Line zero seven eight.,,Excited,C:\hirednerds-portfolio\public\fireworks\little-patterns\assets\voice\8d1c8a7a12c3739b.wav,,feelings,,,excited,8d1c8a7a12c3739b,0.771,https://kpopboom.party/little-patterns/assets/voice/8d1c8a7a12c3739b.wav
079,Line zero seven nine.,,FAST,C:\hirednerds-portfolio\public\fireworks\little-patterns\assets\voice\115dc3606fbf8691.wav,,word,,,fast,115dc3606fbf8691,0.55,https://kpopboom.party/little-patterns/assets/voice/115dc3606fbf8691.wav
080,Line zero eight zero.,,FIFTEEN,C:\hirednerds-portfolio\public\fireworks\little-patterns\assets\voice\c463967e5708cab7.wav,,number,,,fifteen,c463967e5708cab7,0.672,https://kpopboom.party/little-patterns/assets/voice/c463967e5708cab7.wav
081,Line zero eight one.,,FIFTY,C:\hirednerds-portfolio\public\fireworks\little-patterns\assets\voice\f8d807ee15e983f8.wav,,number,,,fifty,f8d807ee15e983f8,0.538,https://kpopboom.party/little-patterns/assets/voice/f8d807ee15e983f8.wav
082,Line zero eight two.,,Find the same picture.,C:\hirednerds-portfolio\public\fireworks\little-patterns\assets\voice\ac2198cf54b12093.wav,,feelings,,,find the same picture,ac2198cf54b12093,1.23,https://kpopboom.party/little-patterns/assets/voice/ac2198cf54b12093.wav
083,Line zero eight three.,,FISH,C:\hirednerds-portfolio\public\fireworks\little-patterns\assets\voice\b474a99a2705e23c.wav,,word,,,fish,b474a99a2705e23c,0.495,https://kpopboom.party/little-patterns/assets/voice/b474a99a2705e23c.wav
084,Line zero eight four.,,FIVE,C:\hirednerds-portfolio\public\fireworks\little-patterns\assets\voice\222b0bd51fcef7e6.wav,,number,,,five,222b0bd51fcef7e6,0.574,https://kpopboom.party/little-patterns/assets/voice/222b0bd51fcef7e6.wav
085,Line zero eight five.,,FLOWER,C:\hirednerds-portfolio\public\fireworks\little-patterns\assets\voice\c06b0cfe0cc5e900.wav,,word,,,flower,c06b0cfe0cc5e900,0.465,https://kpopboom.party/little-patterns/assets/voice/c06b0cfe0cc5e900.wav
086,Line zero eight six.,,FORTY,C:\hirednerds-portfolio\public\fireworks\little-patterns\assets\voice\9cee2304bd633d42.wav,,number,,,forty,9cee2304bd633d42,0.538,https://kpopboom.party/little-patterns/assets/voice/9cee2304bd633d42.wav
087,Line zero eight seven.,,FOUR,C:\hirednerds-portfolio\public\fireworks\little-patterns\assets\voice\04efaf080f5a3e74.wav,,number,,,four,04efaf080f5a3e74,0.395,https://kpopboom.party/little-patterns/assets/voice/04efaf080f5a3e74.wav
088,Line zero eight eight.,,FOURTEEN,C:\hirednerds-portfolio\public\fireworks\little-patterns\assets\voice\fef8f41cdcd20386.wav,,number,,,fourteen,fef8f41cdcd20386,0.687,https://kpopboom.party/little-patterns/assets/voice/fef8f41cdcd20386.wav
089,Line zero eight nine.,,Frustrated,C:\hirednerds-portfolio\public\fireworks\little-patterns\assets\voice\6afb642998f6a61b.wav,,feelings,,,frustrated,6afb642998f6a61b,0.826,https://kpopboom.party/little-patterns/assets/voice/6afb642998f6a61b.wav
090,Line zero nine zero.,,Good matching!,C:\hirednerds-portfolio\public\fireworks\little-patterns\assets\voice\3ccd358740c14ac5.wav,,feelings,,,good matching,3ccd358740c14ac5,0.686,https://kpopboom.party/little-patterns/assets/voice/3ccd358740c14ac5.wav
091,Line zero nine one.,,Happy,C:\hirednerds-portfolio\public\fireworks\little-patterns\assets\voice\489f719cadf91909.wav,,feelings,,,happy,489f719cadf91909,0.474,https://kpopboom.party/little-patterns/assets/voice/489f719cadf91909.wav
092,Line zero nine two.,,Hello! I'm Nook. Let's play.,C:\hirednerds-portfolio\public\fireworks\little-patterns\assets\voice\cd845c4b46d3d15f.wav,,prompt or feedback,,,hello! i'm nook. let's play,cd845c4b46d3d15f,1.749,https://kpopboom.party/little-patterns/assets/voice/cd845c4b46d3d15f.wav
093,Line zero nine three.,,HOT,C:\hirednerds-portfolio\public\fireworks\little-patterns\assets\voice\7f5d1618e7d28cc7.wav,,word,,,hot,7f5d1618e7d28cc7,0.506,https://kpopboom.party/little-patterns/assets/voice/7f5d1618e7d28cc7.wav
094,Line zero nine four.,,Jo is angry.,C:\hirednerds-portfolio\public\fireworks\little-patterns\assets\voice\4bfcce5191476332.wav,,feelings,,,jo is angry,4bfcce5191476332,0.996,https://kpopboom.party/little-patterns/assets/voice/4bfcce5191476332.wav
095,Line zero nine five.,,Jo is calm.,C:\hirednerds-portfolio\public\fireworks\little-patterns\assets\voice\1a9c139ee58d17d9.wav,,feelings,,,jo is calm,1a9c139ee58d17d9,0.97,https://kpopboom.party/little-patterns/assets/voice/1a9c139ee58d17d9.wav
096,Line zero nine six.,,Jo is disappointed.,C:\hirednerds-portfolio\public\fireworks\little-patterns\assets\voice\6b561d636783f762.wav,,feelings,,,jo is disappointed,6b561d636783f762,1.317,https://kpopboom.party/little-patterns/assets/voice/6b561d636783f762.wav
097,Line zero nine seven.,,Jo is excited.,C:\hirednerds-portfolio\public\fireworks\little-patterns\assets\voice\9d744a359e75e1fa.wav,,feelings,,,jo is excited,9d744a359e75e1fa,1.176,https://kpopboom.party/little-patterns/assets/voice/9d744a359e75e1fa.wav
098,Line zero nine eight.,,Jo is frustrated.,C:\hirednerds-portfolio\public\fireworks\little-patterns\assets\voice\388e35aa22c39283.wav,,feelings,,,jo is frustrated,388e35aa22c39283,1.272,https://kpopboom.party/little-patterns/assets/voice/388e35aa22c39283.wav
099,Line zero nine nine.,,"Jo is getting ready for a picnic. Jo says, I feel excited.",C:\hirednerds-portfolio\public\fireworks\little-patterns\assets\voice\cc37a22e9ad43be4.wav,,feelings,,,"jo is getting ready for a picnic. jo says, i feel excited",cc37a22e9ad43be4,4.012,https://kpopboom.party/little-patterns/assets/voice/cc37a22e9ad43be4.wav
100,Line one zero zero.,,Jo is happy.,C:\hirednerds-portfolio\public\fireworks\little-patterns\assets\voice\676197551db413fa.wav,,feelings,,,jo is happy,676197551db413fa,0.988,https://kpopboom.party/little-patterns/assets/voice/676197551db413fa.wav
101,Line one zero one.,,Jo is proud.,C:\hirednerds-portfolio\public\fireworks\little-patterns\assets\voice\531d5777b76e04ac.wav,,feelings,,,jo is proud,531d5777b76e04ac,1.057,https://kpopboom.party/little-patterns/assets/voice/531d5777b76e04ac.wav
102,Line one zero two.,,"Jo is reading in a cosy chair. Jo says, I feel calm.",C:\hirednerds-portfolio\public\fireworks\little-patterns\assets\voice\31900d6c55350275.wav,,feelings,,,"jo is reading in a cosy chair. jo says, i feel calm",31900d6c55350275,3.554,https://kpopboom.party/little-patterns/assets/voice/31900d6c55350275.wav
103,Line one zero three.,,Jo is sad.,C:\hirednerds-portfolio\public\fireworks\little-patterns\assets\voice\d39b7c58627ba2fa.wav,,feelings,,,jo is sad,d39b7c58627ba2fa,1.027,https://kpopboom.party/little-patterns/assets/voice/d39b7c58627ba2fa.wav
104,Line one zero four.,,Jo is surprised.,C:\hirednerds-portfolio\public\fireworks\little-patterns\assets\voice\fa4c076f8f17b32e.wav,,feelings,,,jo is surprised,fa4c076f8f17b32e,1.224,https://kpopboom.party/little-patterns/assets/voice/fa4c076f8f17b32e.wav
105,Line one zero five.,,Jo is worried.,C:\hirednerds-portfolio\public\fireworks\little-patterns\assets\voice\9d4df0cd61a95ad3.wav,,feelings,,,jo is worried,9d4df0cd61a95ad3,1.079,https://kpopboom.party/little-patterns/assets/voice/9d4df0cd61a95ad3.wav
106,Line one zero six.,,"Jo says, I feel calm.",C:\hirednerds-portfolio\public\fireworks\little-patterns\assets\voice\82dae4d572fdb1a1.wav,,feelings,,,"jo says, i feel calm",82dae4d572fdb1a1,1.715,https://kpopboom.party/little-patterns/assets/voice/82dae4d572fdb1a1.wav
107,Line one zero seven.,,"Jo says, I feel disappointed.",C:\hirednerds-portfolio\public\fireworks\little-patterns\assets\voice\64282c0b85b36b1e.wav,,feelings,,,"jo says, i feel disappointed",64282c0b85b36b1e,1.942,https://kpopboom.party/little-patterns/assets/voice/64282c0b85b36b1e.wav
108,Line one zero eight.,,"Jo says, I feel excited.",C:\hirednerds-portfolio\public\fireworks\little-patterns\assets\voice\65e6d5b178bcf5f5.wav,,feelings,,,"jo says, i feel excited",65e6d5b178bcf5f5,1.982,https://kpopboom.party/little-patterns/assets/voice/65e6d5b178bcf5f5.wav
109,Line one zero nine.,,"Jo says, I feel sad.",C:\hirednerds-portfolio\public\fireworks\little-patterns\assets\voice\70b9b960c30ee972.wav,,feelings,,,"jo says, i feel sad",70b9b960c30ee972,1.751,https://kpopboom.party/little-patterns/assets/voice/70b9b960c30ee972.wav
110,Line one one zero.,,"Jo says, I feel surprised.",C:\hirednerds-portfolio\public\fireworks\little-patterns\assets\voice\652b99639fd8bd6c.wav,,feelings,,,"jo says, i feel surprised",652b99639fd8bd6c,2.063,https://kpopboom.party/little-patterns/assets/voice/652b99639fd8bd6c.wav
111,Line one one one.,,"Jo sees a new shoot in the pot. Jo says, I feel surprised.",C:\hirednerds-portfolio\public\fireworks\little-patterns\assets\voice\ecace914edf4df77.wav,,feelings,,,"jo sees a new shoot in the pot. jo says, i feel surprised",ecace914edf4df77,3.98,https://kpopboom.party/little-patterns/assets/voice/ecace914edf4df77.wav
112,Line one one two.,,"Jo wanted blue paint. The pot is empty. Jo says, I feel disappointed.",C:\hirednerds-portfolio\public\fireworks\little-patterns\assets\voice\ad794dd9bf4dadc8.wav,,feelings,,,"jo wanted blue paint. the pot is empty. jo says, i feel disappointed",ad794dd9bf4dadc8,4.598,https://kpopboom.party/little-patterns/assets/voice/ad794dd9bf4dadc8.wav
113,Line one one three.,,"Jo's favourite song has ended. Jo says, I feel sad.",C:\hirednerds-portfolio\public\fireworks\little-patterns\assets\voice\5a15f27b58aed77a.wav,,feelings,,,"jo's favourite song has ended. jo says, i feel sad",5a15f27b58aed77a,3.512,https://kpopboom.party/little-patterns/assets/voice/5a15f27b58aed77a.wav
114,Line one one four.,,JUMP,C:\hirednerds-portfolio\public\fireworks\little-patterns\assets\voice\6bdaf554e42029bd.wav,,word,,,jump,6bdaf554e42029bd,0.403,https://kpopboom.party/little-patterns/assets/voice/6bdaf554e42029bd.wav
115,Line one one five.,,LOUD,C:\hirednerds-portfolio\public\fireworks\little-patterns\assets\voice\db1a60bbff220d09.wav,,word,,,loud,db1a60bbff220d09,0.654,https://kpopboom.party/little-patterns/assets/voice/db1a60bbff220d09.wav
116,Line one one six.,,Lovely counting.,C:\hirednerds-portfolio\public\fireworks\little-patterns\assets\voice\66768c7c98a9998e.wav,,prompt or feedback,,,lovely counting,66768c7c98a9998e,1.004,https://kpopboom.party/little-patterns/assets/voice/66768c7c98a9998e.wav
117,Line one one seven.,,MOON,C:\hirednerds-portfolio\public\fireworks\little-patterns\assets\voice\9e78b43ea00edcac.wav,,word,,,moon,9e78b43ea00edcac,0.495,https://kpopboom.party/little-patterns/assets/voice/9e78b43ea00edcac.wav
118,Line one one eight.,,NINE,C:\hirednerds-portfolio\public\fireworks\little-patterns\assets\voice\edcd8e701a2df0cd.wav,,number,,,nine,edcd8e701a2df0cd,0.571,https://kpopboom.party/little-patterns/assets/voice/edcd8e701a2df0cd.wav
119,Line one one nine.,,NINETEEN,C:\hirednerds-portfolio\public\fireworks\little-patterns\assets\voice\cde4e100efd26f5b.wav,,number,,,nineteen,cde4e100efd26f5b,0.726,https://kpopboom.party/little-patterns/assets/voice/cde4e100efd26f5b.wav
120,Line one two zero.,,NINETY,C:\hirednerds-portfolio\public\fireworks\little-patterns\assets\voice\521c74a4d5824aba.wav,,number,,,ninety,521c74a4d5824aba,0.617,https://kpopboom.party/little-patterns/assets/voice/521c74a4d5824aba.wav
121,Line one two one.,,Nook eats an APPLE.,C:\hirednerds-portfolio\public\fireworks\little-patterns\assets\voice\4cbe16d017ce61b6.wav,,complete sentence,,,nook eats an apple,4cbe16d017ce61b6,1.008,https://kpopboom.party/little-patterns/assets/voice/4cbe16d017ce61b6.wav
122,Line one two two.,,Nook eats an blank.,C:\hirednerds-portfolio\public\fireworks\little-patterns\assets\voice\4570116a308e8a37.wav,,sentence with blank,,Say the word blank aloud.,nook eats an blank,4570116a308e8a37,1.15,https://kpopboom.party/little-patterns/assets/voice/4570116a308e8a37.wav
123,Line one two three.,,Nook has a BALL.,C:\hirednerds-portfolio\public\fireworks\little-patterns\assets\voice\486982f46b8ca8c1.wav,,complete sentence,,,nook has a ball,486982f46b8ca8c1,0.913,https://kpopboom.party/little-patterns/assets/voice/486982f46b8ca8c1.wav
124,Line one two four.,,Nook has a blank.,C:\hirednerds-portfolio\public\fireworks\little-patterns\assets\voice\ecdd73d4e551aa04.wav,,sentence with blank,,Say the word blank aloud.,nook has a blank,ecdd73d4e551aa04,0.951,https://kpopboom.party/little-patterns/assets/voice/ecdd73d4e551aa04.wav
125,Line one two five.,,Nook has a soft BALL.,C:\hirednerds-portfolio\public\fireworks\little-patterns\assets\voice\85b7de6b48557ac4.wav,,complete sentence,,,nook has a soft ball,85b7de6b48557ac4,1.36,https://kpopboom.party/little-patterns/assets/voice/85b7de6b48557ac4.wav
126,Line one two six.,,Nook has a soft blank.,C:\hirednerds-portfolio\public\fireworks\little-patterns\assets\voice\37552dcec6b75fab.wav,,sentence with blank,,Say the word blank aloud.,nook has a soft blank,37552dcec6b75fab,1.507,https://kpopboom.party/little-patterns/assets/voice/37552dcec6b75fab.wav
127,Line one two seven.,,Not sure,C:\hirednerds-portfolio\public\fireworks\little-patterns\assets\voice\3a7ef1f377c8efdc.wav,,feelings,,,not sure,3a7ef1f377c8efdc,0.692,https://kpopboom.party/little-patterns/assets/voice/3a7ef1f377c8efdc.wav
128,Line one two eight.,,ONE,C:\hirednerds-portfolio\public\fireworks\little-patterns\assets\voice\7692c3ad3540bb80.wav,,number,,,one,7692c3ad3540bb80,0.464,https://kpopboom.party/little-patterns/assets/voice/7692c3ad3540bb80.wav
129,Line one two nine.,,ONE HUNDRED,C:\hirednerds-portfolio\public\fireworks\little-patterns\assets\voice\a86a6a017586300c.wav,,number,,,one hundred,a86a6a017586300c,0.804,https://kpopboom.party/little-patterns/assets/voice/a86a6a017586300c.wav
130,Line one three zero.,,oval,C:\hirednerds-portfolio\public\fireworks\little-patterns\assets\voice\3fb847f1d0c26c90.wav,,word or reusable phrase,,,oval,3fb847f1d0c26c90,0.509,https://kpopboom.party/little-patterns/assets/voice/3fb847f1d0c26c90.wav
131,Line one three one.,,plus,C:\hirednerds-portfolio\public\fireworks\little-patterns\assets\voice\383ef36928344f56.wav,,word or reusable phrase,,,plus,383ef36928344f56,0.531,https://kpopboom.party/little-patterns/assets/voice/383ef36928344f56.wav
132,Line one three two.,,Proud,C:\hirednerds-portfolio\public\fireworks\little-patterns\assets\voice\d069c85283b98c2c.wav,,feelings,,,proud,d069c85283b98c2c,0.59,https://kpopboom.party/little-patterns/assets/voice/d069c85283b98c2c.wav
133,Line one three three.,,READ,C:\hirednerds-portfolio\public\fireworks\little-patterns\assets\voice\3316348dbadfb7b1.wav,,word,,Present-tense verb: pronounce reed.,read,3316348dbadfb7b1,0.567,https://kpopboom.party/little-patterns/assets/voice/3316348dbadfb7b1.wav
134,Line one three four.,,"Robin hears a favourite song. Robin says, I feel excited.",C:\hirednerds-portfolio\public\fireworks\little-patterns\assets\voice\67f86f50da48fb87.wav,,feelings,,,"robin hears a favourite song. robin says, i feel excited",67f86f50da48fb87,3.574,https://kpopboom.party/little-patterns/assets/voice/67f86f50da48fb87.wav
135,Line one three five.,,Robin is angry.,C:\hirednerds-portfolio\public\fireworks\little-patterns\assets\voice\667d5cb941c1f7af.wav,,feelings,,,robin is angry,667d5cb941c1f7af,1.141,https://kpopboom.party/little-patterns/assets/voice/667d5cb941c1f7af.wav
136,Line one three six.,,Robin is calm.,C:\hirednerds-portfolio\public\fireworks\little-patterns\assets\voice\f0ce2d3cacc54c80.wav,,feelings,,,robin is calm,f0ce2d3cacc54c80,1.076,https://kpopboom.party/little-patterns/assets/voice/f0ce2d3cacc54c80.wav
137,Line one three seven.,,Robin is disappointed.,C:\hirednerds-portfolio\public\fireworks\little-patterns\assets\voice\05e3027e50ed9b15.wav,,feelings,,,robin is disappointed,05e3027e50ed9b15,1.369,https://kpopboom.party/little-patterns/assets/voice/05e3027e50ed9b15.wav
138,Line one three eight.,,Robin is excited.,C:\hirednerds-portfolio\public\fireworks\little-patterns\assets\voice\91f59280174428aa.wav,,feelings,,,robin is excited,91f59280174428aa,1.293,https://kpopboom.party/little-patterns/assets/voice/91f59280174428aa.wav
139,Line one three nine.,,Robin is frustrated.,C:\hirednerds-portfolio\public\fireworks\little-patterns\assets\voice\d3e665658900ea76.wav,,feelings,,,robin is frustrated,d3e665658900ea76,1.331,https://kpopboom.party/little-patterns/assets/voice/d3e665658900ea76.wav
140,Line one four zero.,,Robin is happy.,C:\hirednerds-portfolio\public\fireworks\little-patterns\assets\voice\2d82e2e778876076.wav,,feelings,,,robin is happy,2d82e2e778876076,1.013,https://kpopboom.party/little-patterns/assets/voice/2d82e2e778876076.wav
141,Line one four one.,,Robin is proud.,C:\hirednerds-portfolio\public\fireworks\little-patterns\assets\voice\30d14668fdd70833.wav,,feelings,,,robin is proud,30d14668fdd70833,1.192,https://kpopboom.party/little-patterns/assets/voice/30d14668fdd70833.wav
142,Line one four two.,,Robin is sad.,C:\hirednerds-portfolio\public\fireworks\little-patterns\assets\voice\f894e48204fdb5ab.wav,,feelings,,,robin is sad,f894e48204fdb5ab,1.069,https://kpopboom.party/little-patterns/assets/voice/f894e48204fdb5ab.wav
143,Line one four three.,,Robin is surprised.,C:\hirednerds-portfolio\public\fireworks\little-patterns\assets\voice\374e5cc7332f9db8.wav,,feelings,,,robin is surprised,374e5cc7332f9db8,1.272,https://kpopboom.party/little-patterns/assets/voice/374e5cc7332f9db8.wav
144,Line one four four.,,Robin is worried.,C:\hirednerds-portfolio\public\fireworks\little-patterns\assets\voice\a32bf3058d011186.wav,,feelings,,,robin is worried,a32bf3058d011186,1.23,https://kpopboom.party/little-patterns/assets/voice/a32bf3058d011186.wav
145,Line one four five.,,"Robin says, I feel angry.",C:\hirednerds-portfolio\public\fireworks\little-patterns\assets\voice\45c1693d84f604ed.wav,,feelings,,,"robin says, i feel angry",45c1693d84f604ed,1.726,https://kpopboom.party/little-patterns/assets/voice/45c1693d84f604ed.wav
146,Line one four six.,,"Robin says, I feel disappointed.",C:\hirednerds-portfolio\public\fireworks\little-patterns\assets\voice\6444c6de3923ec8d.wav,,feelings,,,"robin says, i feel disappointed",6444c6de3923ec8d,2.121,https://kpopboom.party/little-patterns/assets/voice/6444c6de3923ec8d.wav
147,Line one four seven.,,"Robin says, I feel excited.",C:\hirednerds-portfolio\public\fireworks\little-patterns\assets\voice\aa3cd5efaf164303.wav,,feelings,,,"robin says, i feel excited",aa3cd5efaf164303,1.812,https://kpopboom.party/little-patterns/assets/voice/aa3cd5efaf164303.wav
148,Line one four eight.,,"Robin says, I feel sad.",C:\hirednerds-portfolio\public\fireworks\little-patterns\assets\voice\d3929096ed791a02.wav,,feelings,,,"robin says, i feel sad",d3929096ed791a02,1.664,https://kpopboom.party/little-patterns/assets/voice/d3929096ed791a02.wav
149,Line one four nine.,,"Robin says, I feel surprised.",C:\hirednerds-portfolio\public\fireworks\little-patterns\assets\voice\264d28a8075bc5d5.wav,,feelings,,,"robin says, i feel surprised",264d28a8075bc5d5,1.953,https://kpopboom.party/little-patterns/assets/voice/264d28a8075bc5d5.wav
150,Line one five zero.,,"Robin wanted the swings. They are closed today. Robin says, I feel disappointed.",C:\hirednerds-portfolio\public\fireworks\little-patterns\assets\voice\491f3d36109b835c.wav,,feelings,,,"robin wanted the swings. they are closed today. robin says, i feel disappointed",491f3d36109b835c,4.381,https://kpopboom.party/little-patterns/assets/voice/491f3d36109b835c.wav
151,Line one five one.,,"Robin wanted to play outside. It is raining. Robin says, I feel sad.",C:\hirednerds-portfolio\public\fireworks\little-patterns\assets\voice\19418ad4301e202b.wav,,feelings,,,"robin wanted to play outside. it is raining. robin says, i feel sad",19418ad4301e202b,4.202,https://kpopboom.party/little-patterns/assets/voice/19418ad4301e202b.wav
152,Line one five two.,,"Robin's zip is stuck. Robin says, I feel angry.",C:\hirednerds-portfolio\public\fireworks\little-patterns\assets\voice\e8d749e041dcc658.wav,,feelings,,,"robin's zip is stuck. robin says, i feel angry",e8d749e041dcc658,3.317,https://kpopboom.party/little-patterns/assets/voice/e8d749e041dcc658.wav
153,Line one five three.,,RUN,C:\hirednerds-portfolio\public\fireworks\little-patterns\assets\voice\acba25512100f80b.wav,,word,,,run,acba25512100f80b,0.472,https://kpopboom.party/little-patterns/assets/voice/acba25512100f80b.wav
154,Line one five four.,,Sad,C:\hirednerds-portfolio\public\fireworks\little-patterns\assets\voice\45c9a6614fccd4f9.wav,,feelings,,,sad,45c9a6614fccd4f9,0.492,https://kpopboom.party/little-patterns/assets/voice/45c9a6614fccd4f9.wav
155,Line one five five.,,"Sam has finished a drawing. Sam says, I feel proud.",C:\hirednerds-portfolio\public\fireworks\little-patterns\assets\voice\3f014844e22f1e93.wav,,feelings,,,"sam has finished a drawing. sam says, i feel proud",3f014844e22f1e93,3.25,https://kpopboom.party/little-patterns/assets/voice/3f014844e22f1e93.wav
156,Line one five six.,,Sam is angry.,C:\hirednerds-portfolio\public\fireworks\little-patterns\assets\voice\bbc4813165548f53.wav,,feelings,,,sam is angry,bbc4813165548f53,1.045,https://kpopboom.party/little-patterns/assets/voice/bbc4813165548f53.wav
157,Line one five seven.,,Sam is calm.,C:\hirednerds-portfolio\public\fireworks\little-patterns\assets\voice\35cbd257cc94b863.wav,,feelings,,,sam is calm,35cbd257cc94b863,0.948,https://kpopboom.party/little-patterns/assets/voice/35cbd257cc94b863.wav
158,Line one five eight.,,Sam is disappointed.,C:\hirednerds-portfolio\public\fireworks\little-patterns\assets\voice\637b6e98b8baf40e.wav,,feelings,,,sam is disappointed,637b6e98b8baf40e,1.232,https://kpopboom.party/little-patterns/assets/voice/637b6e98b8baf40e.wav
159,Line one five nine.,,Sam is excited.,C:\hirednerds-portfolio\public\fireworks\little-patterns\assets\voice\6f1656345bb70dd7.wav,,feelings,,,sam is excited,6f1656345bb70dd7,1.189,https://kpopboom.party/little-patterns/assets/voice/6f1656345bb70dd7.wav
160,Line one six zero.,,Sam is frustrated.,C:\hirednerds-portfolio\public\fireworks\little-patterns\assets\voice\93ac893726aff5a0.wav,,feelings,,,sam is frustrated,93ac893726aff5a0,1.237,https://kpopboom.party/little-patterns/assets/voice/93ac893726aff5a0.wav
161,Line one six one.,,Sam is happy.,C:\hirednerds-portfolio\public\fireworks\little-patterns\assets\voice\6c92975a4fcb9ab5.wav,,feelings,,,sam is happy,6c92975a4fcb9ab5,0.884,https://kpopboom.party/little-patterns/assets/voice/6c92975a4fcb9ab5.wav
162,Line one six two.,,"Sam is playing with bubbles. Sam says, I feel happy.",C:\hirednerds-portfolio\public\fireworks\little-patterns\assets\voice\5e6821859f42a6a2.wav,,feelings,,,"sam is playing with bubbles. sam says, i feel happy",5e6821859f42a6a2,2.854,https://kpopboom.party/little-patterns/assets/voice/5e6821859f42a6a2.wav
163,Line one six three.,,Sam is proud.,C:\hirednerds-portfolio\public\fireworks\little-patterns\assets\voice\c1cce15061263998.wav,,feelings,,,sam is proud,c1cce15061263998,1.01,https://kpopboom.party/little-patterns/assets/voice/c1cce15061263998.wav
164,Line one six four.,,"Sam is resting under a tree. Sam says, I feel calm.",C:\hirednerds-portfolio\public\fireworks\little-patterns\assets\voice\b680b1dc7ab05a87.wav,,feelings,,,"sam is resting under a tree. sam says, i feel calm",b680b1dc7ab05a87,3.193,https://kpopboom.party/little-patterns/assets/voice/b680b1dc7ab05a87.wav
165,Line one six five.,,Sam is sad.,C:\hirednerds-portfolio\public\fireworks\little-patterns\assets\voice\3c5401d7839c2c08.wav,,feelings,,,sam is sad,3c5401d7839c2c08,0.91,https://kpopboom.party/little-patterns/assets/voice/3c5401d7839c2c08.wav
166,Line one six six.,,Sam is surprised.,C:\hirednerds-portfolio\public\fireworks\little-patterns\assets\voice\d8fd6dd0338b4274.wav,,feelings,,,sam is surprised,d8fd6dd0338b4274,1.239,https://kpopboom.party/little-patterns/assets/voice/d8fd6dd0338b4274.wav
167,Line one six seven.,,"Sam is trying a new swimming class. Sam says, I feel worried.",C:\hirednerds-portfolio\public\fireworks\little-patterns\assets\voice\9c99d52fce0e0658.wav,,feelings,,,"sam is trying a new swimming class. sam says, i feel worried",9c99d52fce0e0658,3.564,https://kpopboom.party/little-patterns/assets/voice/9c99d52fce0e0658.wav
168,Line one six eight.,,"Sam is trying to thread a bead. Sam says, I feel frustrated.",C:\hirednerds-portfolio\public\fireworks\little-patterns\assets\voice\e02a3446ebb3a602.wav,,feelings,,,"sam is trying to thread a bead. sam says, i feel frustrated",e02a3446ebb3a602,3.478,https://kpopboom.party/little-patterns/assets/voice/e02a3446ebb3a602.wav
169,Line one six nine.,,Sam is worried.,C:\hirednerds-portfolio\public\fireworks\little-patterns\assets\voice\5151010f6f40f995.wav,,feelings,,,sam is worried,5151010f6f40f995,1.027,https://kpopboom.party/little-patterns/assets/voice/5151010f6f40f995.wav
170,Line one seven zero.,,"Sam says, I feel calm.",C:\hirednerds-portfolio\public\fireworks\little-patterns\assets\voice\2f3dbf096efff74a.wav,,feelings,,,"sam says, i feel calm",2f3dbf096efff74a,1.537,https://kpopboom.party/little-patterns/assets/voice/2f3dbf096efff74a.wav
171,Line one seven one.,,"Sam says, I feel frustrated.",C:\hirednerds-portfolio\public\fireworks\little-patterns\assets\voice\44411e4dbd549564.wav,,feelings,,,"sam says, i feel frustrated",44411e4dbd549564,2.143,https://kpopboom.party/little-patterns/assets/voice/44411e4dbd549564.wav
172,Line one seven two.,,"Sam says, I feel happy.",C:\hirednerds-portfolio\public\fireworks\little-patterns\assets\voice\91cc9fb284ef9e3b.wav,,feelings,,,"sam says, i feel happy",91cc9fb284ef9e3b,1.666,https://kpopboom.party/little-patterns/assets/voice/91cc9fb284ef9e3b.wav
173,Line one seven three.,,"Sam says, I feel proud.",C:\hirednerds-portfolio\public\fireworks\little-patterns\assets\voice\0be58b1f5271ce05.wav,,feelings,,,"sam says, i feel proud",0be58b1f5271ce05,1.512,https://kpopboom.party/little-patterns/assets/voice/0be58b1f5271ce05.wav
174,Line one seven four.,,"Sam says, I feel worried.",C:\hirednerds-portfolio\public\fireworks\little-patterns\assets\voice\a2cf35e2799d23ac.wav,,feelings,,,"sam says, i feel worried",a2cf35e2799d23ac,1.824,https://kpopboom.party/little-patterns/assets/voice/a2cf35e2799d23ac.wav
175,Line one seven five.,,SEVEN,C:\hirednerds-portfolio\public\fireworks\little-patterns\assets\voice\3ba8d02b16fd2a01.wav,,number,,,seven,3ba8d02b16fd2a01,0.533,https://kpopboom.party/little-patterns/assets/voice/3ba8d02b16fd2a01.wav
176,Line one seven six.,,SEVENTEEN,C:\hirednerds-portfolio\public\fireworks\little-patterns\assets\voice\2c5abdef2a0eacb4.wav,,number,,,seventeen,2c5abdef2a0eacb4,0.718,https://kpopboom.party/little-patterns/assets/voice/2c5abdef2a0eacb4.wav
177,Line one seven seven.,,SEVENTY,C:\hirednerds-portfolio\public\fireworks\little-patterns\assets\voice\ab0e4b1a7839571e.wav,,number,,,seventy,ab0e4b1a7839571e,0.613,https://kpopboom.party/little-patterns/assets/voice/ab0e4b1a7839571e.wav
178,Line one seven eight.,,SING,C:\hirednerds-portfolio\public\fireworks\little-patterns\assets\voice\6342d0648a746457.wav,,word,,,sing,6342d0648a746457,0.429,https://kpopboom.party/little-patterns/assets/voice/6342d0648a746457.wav
179,Line one seven nine.,,SIX,C:\hirednerds-portfolio\public\fireworks\little-patterns\assets\voice\44778d82365e4af6.wav,,number,,,six,44778d82365e4af6,0.439,https://kpopboom.party/little-patterns/assets/voice/44778d82365e4af6.wav
180,Line one eight zero.,,SIXTEEN,C:\hirednerds-portfolio\public\fireworks\little-patterns\assets\voice\f2ce341fdaa67727.wav,,number,,,sixteen,f2ce341fdaa67727,0.677,https://kpopboom.party/little-patterns/assets/voice/f2ce341fdaa67727.wav
181,Line one eight one.,,SIXTY,C:\hirednerds-portfolio\public\fireworks\little-patterns\assets\voice\df41164e151227b3.wav,,number,,,sixty,df41164e151227b3,0.573,https://kpopboom.party/little-patterns/assets/voice/df41164e151227b3.wav
182,Line one eight two.,,SOFT,C:\hirednerds-portfolio\public\fireworks\little-patterns\assets\voice\f5f445528f4a0134.wav,,word,,,soft,f5f445528f4a0134,0.623,https://kpopboom.party/little-patterns/assets/voice/f5f445528f4a0134.wav
183,Line one eight three.,,Something else,C:\hirednerds-portfolio\public\fireworks\little-patterns\assets\voice\f41f3fa625ff120d.wav,,feelings,,,something else,f41f3fa625ff120d,0.802,https://kpopboom.party/little-patterns/assets/voice/f41f3fa625ff120d.wav
184,Line one eight four.,,Spot on!,C:\hirednerds-portfolio\public\fireworks\little-patterns\assets\voice\701039022100b133.wav,,prompt or feedback,,,spot on,701039022100b133,0.532,https://kpopboom.party/little-patterns/assets/voice/701039022100b133.wav
185,Line one eight five.,,square,C:\hirednerds-portfolio\public\fireworks\little-patterns\assets\voice\4ba3e8e3765f2970.wav,,word or reusable phrase,,,square,4ba3e8e3765f2970,0.497,https://kpopboom.party/little-patterns/assets/voice/4ba3e8e3765f2970.wav
186,Line one eight six.,,SUN,C:\hirednerds-portfolio\public\fireworks\little-patterns\assets\voice\27756f050e14a1cb.wav,,word,,,sun,27756f050e14a1cb,0.471,https://kpopboom.party/little-patterns/assets/voice/27756f050e14a1cb.wav
187,Line one eight seven.,,Surprised,C:\hirednerds-portfolio\public\fireworks\little-patterns\assets\voice\0f471c347284f2de.wav,,feelings,,,surprised,0f471c347284f2de,0.759,https://kpopboom.party/little-patterns/assets/voice/0f471c347284f2de.wav
188,Line one eight eight.,,SWIM,C:\hirednerds-portfolio\public\fireworks\little-patterns\assets\voice\d493f8869139bac7.wav,,word,,,swim,d493f8869139bac7,0.386,https://kpopboom.party/little-patterns/assets/voice/d493f8869139bac7.wav
189,Line one eight nine.,,take away,C:\hirednerds-portfolio\public\fireworks\little-patterns\assets\voice\1ea6dbf5abafb168.wav,,word or reusable phrase,,,take away,1ea6dbf5abafb168,0.727,https://kpopboom.party/little-patterns/assets/voice/1ea6dbf5abafb168.wav
190,Line one nine zero.,,TALL,C:\hirednerds-portfolio\public\fireworks\little-patterns\assets\voice\241daf2e753a6a2f.wav,,word,,,tall,241daf2e753a6a2f,0.47,https://kpopboom.party/little-patterns/assets/voice/241daf2e753a6a2f.wav
191,Line one nine one.,,TEN,C:\hirednerds-portfolio\public\fireworks\little-patterns\assets\voice\e4432baa90819aae.wav,,number,,,ten,e4432baa90819aae,0.448,https://kpopboom.party/little-patterns/assets/voice/e4432baa90819aae.wav
192,Line one nine two.,,That's right!,C:\hirednerds-portfolio\public\fireworks\little-patterns\assets\voice\af565205531d050d.wav,,feelings,,,that's right,af565205531d050d,0.771,https://kpopboom.party/little-patterns/assets/voice/af565205531d050d.wav
193,Line one nine three.,,That’s the one.,C:\hirednerds-portfolio\public\fireworks\little-patterns\assets\voice\d1d4be35e20c529d.wav,,prompt or feedback,,Curly-apostrophe lookup: keep this row separate from similar straight-apostrophe entries.,that’s the one,d1d4be35e20c529d,0.769,https://kpopboom.party/little-patterns/assets/voice/d1d4be35e20c529d.wav
194,Line one nine four.,,The BALL is wet.,C:\hirednerds-portfolio\public\fireworks\little-patterns\assets\voice\1b81e1b68c53c98b.wav,,complete sentence,,,the ball is wet,1b81e1b68c53c98b,0.997,https://kpopboom.party/little-patterns/assets/voice/1b81e1b68c53c98b.wav
195,Line one nine five.,,The big blank can run.,C:\hirednerds-portfolio\public\fireworks\little-patterns\assets\voice\be0e617423d184fb.wav,,sentence with blank,,Say the word blank aloud.,the big blank can run,be0e617423d184fb,1.241,https://kpopboom.party/little-patterns/assets/voice/be0e617423d184fb.wav
196,Line one nine six.,,The big DOG can run.,C:\hirednerds-portfolio\public\fireworks\little-patterns\assets\voice\84f9cd86601b8fc4.wav,,complete sentence,,,the big dog can run,84f9cd86601b8fc4,1.212,https://kpopboom.party/little-patterns/assets/voice/84f9cd86601b8fc4.wav
197,Line one nine seven.,,The blank can run.,C:\hirednerds-portfolio\public\fireworks\little-patterns\assets\voice\39ca6e3ce816e821.wav,,sentence with blank,,Say the word blank aloud.,the blank can run,39ca6e3ce816e821,1.011,https://kpopboom.party/little-patterns/assets/voice/39ca6e3ce816e821.wav
198,Line one nine eight.,,The blank can swim.,C:\hirednerds-portfolio\public\fireworks\little-patterns\assets\voice\6b777fcce352e2a4.wav,,sentence with blank,,Say the word blank aloud.,the blank can swim,6b777fcce352e2a4,1.125,https://kpopboom.party/little-patterns/assets/voice/6b777fcce352e2a4.wav
199,Line one nine nine.,,The blank is asleep.,C:\hirednerds-portfolio\public\fireworks\little-patterns\assets\voice\2e7b07640841494a.wav,,sentence with blank,,Say the word blank aloud.,the blank is asleep,2e7b07640841494a,1.187,https://kpopboom.party/little-patterns/assets/voice/2e7b07640841494a.wav
200,Line two zero zero.,,The blank is big.,C:\hirednerds-portfolio\public\fireworks\little-patterns\assets\voice\94281d9ffd832655.wav,,sentence with blank,,Say the word blank aloud.,the blank is big,94281d9ffd832655,1.036,https://kpopboom.party/little-patterns/assets/voice/94281d9ffd832655.wav
201,Line two zero one.,,The blank is dry.,C:\hirednerds-portfolio\public\fireworks\little-patterns\assets\voice\104193e406959a03.wav,,sentence with blank,,Say the word blank aloud.,the blank is dry,104193e406959a03,0.968,https://kpopboom.party/little-patterns/assets/voice/104193e406959a03.wav
202,Line two zero two.,,The blank is hot.,C:\hirednerds-portfolio\public\fireworks\little-patterns\assets\voice\125ae1d727261b9c.wav,,sentence with blank,,Say the word blank aloud.,the blank is hot,125ae1d727261b9c,1.023,https://kpopboom.party/little-patterns/assets/voice/125ae1d727261b9c.wav
203,Line two zero three.,,The blank is out.,C:\hirednerds-portfolio\public\fireworks\little-patterns\assets\voice\9e3ce4c5b421b661.wav,,sentence with blank,,Say the word blank aloud.,the blank is out,9e3ce4c5b421b661,0.974,https://kpopboom.party/little-patterns/assets/voice/9e3ce4c5b421b661.wav
204,Line two zero four.,,The blank is wet.,C:\hirednerds-portfolio\public\fireworks\little-patterns\assets\voice\0cea167cb2d1ba21.wav,,sentence with blank,,Say the word blank aloud.,the blank is wet,0cea167cb2d1ba21,1.025,https://kpopboom.party/little-patterns/assets/voice/0cea167cb2d1ba21.wav
205,Line two zero five.,,The bus is BIG.,C:\hirednerds-portfolio\public\fireworks\little-patterns\assets\voice\cf49fdc89a611a78.wav,,complete sentence,,,the bus is big,cf49fdc89a611a78,0.951,https://kpopboom.party/little-patterns/assets/voice/cf49fdc89a611a78.wav
206,Line two zero six.,,The bus is blank.,C:\hirednerds-portfolio\public\fireworks\little-patterns\assets\voice\553d0f8f579a8a4e.wav,,sentence with blank,,Say the word blank aloud.,the bus is blank,553d0f8f579a8a4e,1.125,https://kpopboom.party/little-patterns/assets/voice/553d0f8f579a8a4e.wav
207,Line two zero seven.,,The CAT is asleep.,C:\hirednerds-portfolio\public\fireworks\little-patterns\assets\voice\5c71bfd2211a2a2a.wav,,complete sentence,,,the cat is asleep,5c71bfd2211a2a2a,1.195,https://kpopboom.party/little-patterns/assets/voice/5c71bfd2211a2a2a.wav
208,Line two zero eight.,,The cat is ASLEEP now.,C:\hirednerds-portfolio\public\fireworks\little-patterns\assets\voice\b51599eaa1927024.wav,,complete sentence,,,the cat is asleep now,b51599eaa1927024,1.455,https://kpopboom.party/little-patterns/assets/voice/b51599eaa1927024.wav
209,Line two zero nine.,,The cat is blank now.,C:\hirednerds-portfolio\public\fireworks\little-patterns\assets\voice\129ff7d4a0a4874f.wav,,sentence with blank,,Say the word blank aloud.,the cat is blank now,129ff7d4a0a4874f,1.347,https://kpopboom.party/little-patterns/assets/voice/129ff7d4a0a4874f.wav
210,Line two one zero.,,The CAT is dry.,C:\hirednerds-portfolio\public\fireworks\little-patterns\assets\voice\354a987ac212b525.wav,,complete sentence,,,the cat is dry,354a987ac212b525,1.105,https://kpopboom.party/little-patterns/assets/voice/354a987ac212b525.wav
211,Line two one one.,,The dog can blank.,C:\hirednerds-portfolio\public\fireworks\little-patterns\assets\voice\265fd8540a581790.wav,,sentence with blank,,Say the word blank aloud.,the dog can blank,265fd8540a581790,1.046,https://kpopboom.party/little-patterns/assets/voice/265fd8540a581790.wav
212,Line two one two.,,The dog can JUMP.,C:\hirednerds-portfolio\public\fireworks\little-patterns\assets\voice\2979e9ef8cf5d55a.wav,,complete sentence,,,the dog can jump,2979e9ef8cf5d55a,1.046,https://kpopboom.party/little-patterns/assets/voice/2979e9ef8cf5d55a.wav
213,Line two one three.,,The DOG can run.,C:\hirednerds-portfolio\public\fireworks\little-patterns\assets\voice\299f4a270d4aa1c1.wav,,complete sentence,,,the dog can run,299f4a270d4aa1c1,1.101,https://kpopboom.party/little-patterns/assets/voice/299f4a270d4aa1c1.wav
214,Line two one four.,,The DOG is wet.,C:\hirednerds-portfolio\public\fireworks\little-patterns\assets\voice\91458c0859da1f73.wav,,complete sentence,,,the dog is wet,91458c0859da1f73,1.043,https://kpopboom.party/little-patterns/assets/voice/91458c0859da1f73.wav
215,Line two one five.,,The FISH can swim.,C:\hirednerds-portfolio\public\fireworks\little-patterns\assets\voice\1023a92b7ee7138c.wav,,complete sentence,,,the fish can swim,1023a92b7ee7138c,1.049,https://kpopboom.party/little-patterns/assets/voice/1023a92b7ee7138c.wav
216,Line two one six.,,The fish is blank.,C:\hirednerds-portfolio\public\fireworks\little-patterns\assets\voice\ccdad5e75baa8a84.wav,,sentence with blank,,Say the word blank aloud.,the fish is blank,ccdad5e75baa8a84,1.015,https://kpopboom.party/little-patterns/assets/voice/ccdad5e75baa8a84.wav
217,Line two one seven.,,The fish is WET.,C:\hirednerds-portfolio\public\fireworks\little-patterns\assets\voice\684ee3b431243b36.wav,,complete sentence,,,the fish is wet,684ee3b431243b36,1.074,https://kpopboom.party/little-patterns/assets/voice/684ee3b431243b36.wav
218,Line two one eight.,,The little blank is fast.,C:\hirednerds-portfolio\public\fireworks\little-patterns\assets\voice\3e7a77cc6b8486f4.wav,,sentence with blank,,Say the word blank aloud.,the little blank is fast,3e7a77cc6b8486f4,1.482,https://kpopboom.party/little-patterns/assets/voice/3e7a77cc6b8486f4.wav
219,Line two one nine.,,The little BUS is fast.,C:\hirednerds-portfolio\public\fireworks\little-patterns\assets\voice\d4c8bc9e7701c11a.wav,,complete sentence,,,the little bus is fast,d4c8bc9e7701c11a,1.459,https://kpopboom.party/little-patterns/assets/voice/d4c8bc9e7701c11a.wav
220,Line two two zero.,,The MOON is big.,C:\hirednerds-portfolio\public\fireworks\little-patterns\assets\voice\85f92e09b11b213c.wav,,complete sentence,,,the moon is big,85f92e09b11b213c,0.93,https://kpopboom.party/little-patterns/assets/voice/85f92e09b11b213c.wav
221,Line two two one.,,The MOON is out.,C:\hirednerds-portfolio\public\fireworks\little-patterns\assets\voice\028f7e44a18871bf.wav,,complete sentence,,,the moon is out,028f7e44a18871bf,0.922,https://kpopboom.party/little-patterns/assets/voice/028f7e44a18871bf.wav
222,Line two two two.,,The pattern fits.,C:\hirednerds-portfolio\public\fireworks\little-patterns\assets\voice\ae257bdf0b20f846.wav,,prompt or feedback,,,the pattern fits,ae257bdf0b20f846,0.918,https://kpopboom.party/little-patterns/assets/voice/ae257bdf0b20f846.wav
223,Line two two three.,,The sun is blank.,C:\hirednerds-portfolio\public\fireworks\little-patterns\assets\voice\b53b586b4d12870c.wav,,sentence with blank,,Say the word blank aloud.,the sun is blank,b53b586b4d12870c,1.102,https://kpopboom.party/little-patterns/assets/voice/b53b586b4d12870c.wav
224,Line two two four.,,The sun is HOT.,C:\hirednerds-portfolio\public\fireworks\little-patterns\assets\voice\a9713ed03c06a734.wav,,complete sentence,,,the sun is hot,a9713ed03c06a734,1.086,https://kpopboom.party/little-patterns/assets/voice/a9713ed03c06a734.wav
225,Line two two five.,,The tall blank is dry.,C:\hirednerds-portfolio\public\fireworks\little-patterns\assets\voice\2f943b63fbadd164.wav,,sentence with blank,,Say the word blank aloud.,the tall blank is dry,2f943b63fbadd164,1.315,https://kpopboom.party/little-patterns/assets/voice/2f943b63fbadd164.wav
226,Line two two six.,,The tall TREE is dry.,C:\hirednerds-portfolio\public\fireworks\little-patterns\assets\voice\55b4c94f5a29f819.wav,,complete sentence,,,the tall tree is dry,55b4c94f5a29f819,1.378,https://kpopboom.party/little-patterns/assets/voice/55b4c94f5a29f819.wav
227,Line two two seven.,,The tree is blank.,C:\hirednerds-portfolio\public\fireworks\little-patterns\assets\voice\eccc960503b5fff9.wav,,sentence with blank,,Say the word blank aloud.,the tree is blank,eccc960503b5fff9,1.095,https://kpopboom.party/little-patterns/assets/voice/eccc960503b5fff9.wav
228,Line two two eight.,,The tree is TALL.,C:\hirednerds-portfolio\public\fireworks\little-patterns\assets\voice\c44adc9f2857ee0b.wav,,complete sentence,,,the tree is tall,c44adc9f2857ee0b,0.918,https://kpopboom.party/little-patterns/assets/voice/c44adc9f2857ee0b.wav
229,Line two two nine.,,THIRTEEN,C:\hirednerds-portfolio\public\fireworks\little-patterns\assets\voice\9ecc81f0a4b6dfb0.wav,,number,,,thirteen,9ecc81f0a4b6dfb0,0.67,https://kpopboom.party/little-patterns/assets/voice/9ecc81f0a4b6dfb0.wav
230,Line two three zero.,,THIRTY,C:\hirednerds-portfolio\public\fireworks\little-patterns\assets\voice\aca5fb59db69e5df.wav,,number,,,thirty,aca5fb59db69e5df,0.506,https://kpopboom.party/little-patterns/assets/voice/aca5fb59db69e5df.wav
231,Line two three one.,,THREE,C:\hirednerds-portfolio\public\fireworks\little-patterns\assets\voice\8b5b9db0c13db242.wav,,number,,,three,8b5b9db0c13db242,0.408,https://kpopboom.party/little-patterns/assets/voice/8b5b9db0c13db242.wav
232,Line two three two.,,TREE,C:\hirednerds-portfolio\public\fireworks\little-patterns\assets\voice\dc9c5edb8b2d479e.wav,,word,,,tree,dc9c5edb8b2d479e,0.447,https://kpopboom.party/little-patterns/assets/voice/dc9c5edb8b2d479e.wav
233,Line two three three.,,triangle,C:\hirednerds-portfolio\public\fireworks\little-patterns\assets\voice\0a3f13c673af2389.wav,,word or reusable phrase,,,triangle,0a3f13c673af2389,0.65,https://kpopboom.party/little-patterns/assets/voice/0a3f13c673af2389.wav
234,Line two three four.,,TWELVE,C:\hirednerds-portfolio\public\fireworks\little-patterns\assets\voice\d1a749ad879b6c07.wav,,number,,,twelve,d1a749ad879b6c07,0.583,https://kpopboom.party/little-patterns/assets/voice/d1a749ad879b6c07.wav
235,Line two three five.,,TWENTY,C:\hirednerds-portfolio\public\fireworks\little-patterns\assets\voice\7c2c4df740f720b0.wav,,number,,,twenty,7c2c4df740f720b0,0.57,https://kpopboom.party/little-patterns/assets/voice/7c2c4df740f720b0.wav
236,Line two three six.,,TWO,C:\hirednerds-portfolio\public\fireworks\little-patterns\assets\voice\3fc4ccfe745870e2.wav,,number,,,two,3fc4ccfe745870e2,0.383,https://kpopboom.party/little-patterns/assets/voice/3fc4ccfe745870e2.wav
237,Line two three seven.,,Well done!,C:\hirednerds-portfolio\public\fireworks\little-patterns\assets\voice\894b6c18383b7c19.wav,,feelings,,,well done,894b6c18383b7c19,0.76,https://kpopboom.party/little-patterns/assets/voice/894b6c18383b7c19.wav
238,Line two three eight.,,WET,C:\hirednerds-portfolio\public\fireworks\little-patterns\assets\voice\534c51e17770c9b7.wav,,word,,,wet,534c51e17770c9b7,0.525,https://kpopboom.party/little-patterns/assets/voice/534c51e17770c9b7.wav
239,Line two three nine.,,Whoops! Try again.,C:\hirednerds-portfolio\public\fireworks\little-patterns\assets\voice\15ec5b852f9542e7.wav,,prompt or feedback,,,whoops! try again,15ec5b852f9542e7,1.426,https://kpopboom.party/little-patterns/assets/voice/15ec5b852f9542e7.wav
240,Line two four zero.,,Worried,C:\hirednerds-portfolio\public\fireworks\little-patterns\assets\voice\13d9ead0ef6e1b24.wav,,feelings,,,worried,13d9ead0ef6e1b24,0.671,https://kpopboom.party/little-patterns/assets/voice/13d9ead0ef6e1b24.wav
241,Line two four one.,,Yes!,C:\hirednerds-portfolio\public\fireworks\little-patterns\assets\voice\8a798890fe938171.wav,,prompt or feedback,,,yes,8a798890fe938171,0.518,https://kpopboom.party/little-patterns/assets/voice/8a798890fe938171.wav
242,Line two four two.,,You chose angry.,C:\hirednerds-portfolio\public\fireworks\little-patterns\assets\voice\5d4a3e0b9ca4f20a.wav,,feelings,,Retained library clip; included even though the current Me screen no longer uses this acknowledgement.,you chose angry,5d4a3e0b9ca4f20a,1.109,https://kpopboom.party/little-patterns/assets/voice/5d4a3e0b9ca4f20a.wav
243,Line two four three.,,You chose calm.,C:\hirednerds-portfolio\public\fireworks\little-patterns\assets\voice\47957de6f524f99c.wav,,feelings,,Retained library clip; included even though the current Me screen no longer uses this acknowledgement.,you chose calm,47957de6f524f99c,0.912,https://kpopboom.party/little-patterns/assets/voice/47957de6f524f99c.wav
244,Line two four four.,,You chose disappointed.,C:\hirednerds-portfolio\public\fireworks\little-patterns\assets\voice\32ca59055fe1e369.wav,,feelings,,Retained library clip; included even though the current Me screen no longer uses this acknowledgement.,you chose disappointed,32ca59055fe1e369,1.44,https://kpopboom.party/little-patterns/assets/voice/32ca59055fe1e369.wav
245,Line two four five.,,You chose excited.,C:\hirednerds-portfolio\public\fireworks\little-patterns\assets\voice\469061f63dfa9fae.wav,,feelings,,Retained library clip; included even though the current Me screen no longer uses this acknowledgement.,you chose excited,469061f63dfa9fae,1.09,https://kpopboom.party/little-patterns/assets/voice/469061f63dfa9fae.wav
246,Line two four six.,,You chose frustrated.,C:\hirednerds-portfolio\public\fireworks\little-patterns\assets\voice\def28531a89d4a56.wav,,feelings,,Retained library clip; included even though the current Me screen no longer uses this acknowledgement.,you chose frustrated,def28531a89d4a56,1.309,https://kpopboom.party/little-patterns/assets/voice/def28531a89d4a56.wav
247,Line two four seven.,,You chose happy.,C:\hirednerds-portfolio\public\fireworks\little-patterns\assets\voice\f47edc82713d7c41.wav,,feelings,,Retained library clip; included even though the current Me screen no longer uses this acknowledgement.,you chose happy,f47edc82713d7c41,0.956,https://kpopboom.party/little-patterns/assets/voice/f47edc82713d7c41.wav
248,Line two four eight.,,You chose not sure.,C:\hirednerds-portfolio\public\fireworks\little-patterns\assets\voice\f30531725ee0beb3.wav,,feelings,,Retained library clip; included even though the current Me screen no longer uses this acknowledgement.,you chose not sure,f30531725ee0beb3,1.158,https://kpopboom.party/little-patterns/assets/voice/f30531725ee0beb3.wav
249,Line two four nine.,,You chose proud.,C:\hirednerds-portfolio\public\fireworks\little-patterns\assets\voice\427c6ffb4f46c836.wav,,feelings,,Retained library clip; included even though the current Me screen no longer uses this acknowledgement.,you chose proud,427c6ffb4f46c836,1.038,https://kpopboom.party/little-patterns/assets/voice/427c6ffb4f46c836.wav
250,Line two five zero.,,You chose sad.,C:\hirednerds-portfolio\public\fireworks\little-patterns\assets\voice\3e7126d4981d99c2.wav,,feelings,,Retained library clip; included even though the current Me screen no longer uses this acknowledgement.,you chose sad,3e7126d4981d99c2,1.018,https://kpopboom.party/little-patterns/assets/voice/3e7126d4981d99c2.wav
251,Line two five one.,,You chose something else.,C:\hirednerds-portfolio\public\fireworks\little-patterns\assets\voice\52c33ab7c176d7bc.wav,,feelings,,Retained library clip; included even though the current Me screen no longer uses this acknowledgement.,you chose something else,52c33ab7c176d7bc,1.287,https://kpopboom.party/little-patterns/assets/voice/52c33ab7c176d7bc.wav
252,Line two five two.,,You chose surprised.,C:\hirednerds-portfolio\public\fireworks\little-patterns\assets\voice\517df688dd8cf489.wav,,feelings,,Retained library clip; included even though the current Me screen no longer uses this acknowledgement.,you chose surprised,517df688dd8cf489,1.218,https://kpopboom.party/little-patterns/assets/voice/517df688dd8cf489.wav
253,Line two five three.,,You chose worried.,C:\hirednerds-portfolio\public\fireworks\little-patterns\assets\voice\3799faa92202e86d.wav,,feelings,,Retained library clip; included even though the current Me screen no longer uses this acknowledgement.,you chose worried,3799faa92202e86d,1.111,https://kpopboom.party/little-patterns/assets/voice/3799faa92202e86d.wav
254,Line two five four.,,You found it.,C:\hirednerds-portfolio\public\fireworks\little-patterns\assets\voice\d456801d10208a77.wav,,prompt or feedback,,,you found it,d456801d10208a77,0.743,https://kpopboom.party/little-patterns/assets/voice/d456801d10208a77.wav
255,Line two five five.,,ZERO,C:\hirednerds-portfolio\public\fireworks\little-patterns\assets\voice\f9194e73f9e9459e.wav,,number,,,zero,f9194e73f9e9459e,0.578,https://kpopboom.party/little-patterns/assets/voice/f9194e73f9e9459e.wav
