order,lookup_key,text_sent_to_gemini,style_note,source,recording_sheet_script,current_clip
1,a blank can grow,A blank can grow.,"warm, gentle and unhurried, like a kind grandfather reading to a small child",Gemini,A blank can grow.,C:\hirednerds-portfolio\public\fireworks\little-patterns\assets\voice\318737ba812203d6.wav
2,"a butterfly lands near robin. robin says, i feel surprised","A butterfly lands near robin. Robin says, I feel surprised.","warm, gentle and unhurried, like a kind grandfather reading to a small child",Gemini,"A butterfly lands near Robin. Robin says, I feel surprised.",C:\hirednerds-portfolio\public\fireworks\little-patterns\assets\voice\c79cbe0f23b56ed6.wav
3,a different picture. look again,A different picture. Look again.,"warm, gentle and unhurried, like a kind grandfather reading to a small child",Gemini,A different picture. Look again.,C:\hirednerds-portfolio\public\fireworks\little-patterns\assets\voice\067075d55b7b1d71.wav
4,a fish can blank,A fish can blank.,"warm, gentle and unhurried, like a kind grandfather reading to a small child",Gemini,A fish can blank.,C:\hirednerds-portfolio\public\fireworks\little-patterns\assets\voice\a53140d5bdb890dd.wav
5,a fish can swim,A fish can swim.,"warm, gentle and unhurried, like a kind grandfather reading to a small child",Gemini,A fish can SWIM.,C:\hirednerds-portfolio\public\fireworks\little-patterns\assets\voice\de2b9df1ad40e761.wav
6,a flower can grow,A flower can grow.,"warm, gentle and unhurried, like a kind grandfather reading to a small child",Gemini,A FLOWER can grow.,C:\hirednerds-portfolio\public\fireworks\little-patterns\assets\voice\8ef20b3c7328254f.wav
7,a wet blank can swim,A wet blank can swim.,"warm, gentle and unhurried, like a kind grandfather reading to a small child",Gemini,A wet blank can swim.,C:\hirednerds-portfolio\public\fireworks\little-patterns\assets\voice\6ec83d37028ce3b3.wav
8,a wet fish can swim,A wet fish can swim.,"warm, gentle and unhurried, like a kind grandfather reading to a small child",Gemini,A wet FISH can swim.,C:\hirednerds-portfolio\public\fireworks\little-patterns\assets\voice\0850135ee07514d8.wav
9,a word for my feeling,A word for my feeling.,"warm, gentle and unhurried, like a kind grandfather reading to a small child",Gemini,A word for my feeling.,C:\hirednerds-portfolio\public\fireworks\little-patterns\assets\voice\88a230c523e155e0.wav
10,"ali has planted a seed. ali says, i feel proud","Ali has planted a seed. Ali says, I feel proud.","warm, gentle and unhurried, like a kind grandfather reading to a small child",Gemini,"Ali has planted a seed. Ali says, I feel proud.",C:\hirednerds-portfolio\public\fireworks\little-patterns\assets\voice\ae316f9d5c309ed3.wav
11,ali is angry,Ali is angry.,"warm, gentle and unhurried, like a kind grandfather reading to a small child",Gemini,Ali is angry.,C:\hirednerds-portfolio\public\fireworks\little-patterns\assets\voice\0c249c9ef311e25b.wav
12,"ali is building. the tower keeps falling. ali says, i feel angry","Ali is building. The tower keeps falling. Ali says, I feel angry.","warm, gentle and unhurried, like a kind grandfather reading to a small child",Gemini,"Ali is building. The tower keeps falling. Ali says, I feel angry.",C:\hirednerds-portfolio\public\fireworks\little-patterns\assets\voice\93dc09c678f2eb9c.wav
13,ali is calm,Ali is calm.,"warm, gentle and unhurried, like a kind grandfather reading to a small child",Gemini,Ali is calm.,C:\hirednerds-portfolio\public\fireworks\little-patterns\assets\voice\34f8f3a3ae9e4d7f.wav
14,ali is disappointed,Ali is disappointed.,"warm, gentle and unhurried, like a kind grandfather reading to a small child",Gemini,Ali is disappointed.,C:\hirednerds-portfolio\public\fireworks\little-patterns\assets\voice\5688ec9603bb315a.wav
15,ali is excited,Ali is excited.,"warm, gentle and unhurried, like a kind grandfather reading to a small child",Gemini,Ali is excited.,C:\hirednerds-portfolio\public\fireworks\little-patterns\assets\voice\78776f9d06eca6a4.wav
16,ali is frustrated,Ali is frustrated.,"warm, gentle and unhurried, like a kind grandfather reading to a small child",Gemini,Ali is frustrated.,C:\hirednerds-portfolio\public\fireworks\little-patterns\assets\voice\993a7ed5e448b8a3.wav
17,ali is happy,Ali is happy.,"warm, gentle and unhurried, like a kind grandfather reading to a small child",Gemini,Ali is happy.,C:\hirednerds-portfolio\public\fireworks\little-patterns\assets\voice\0cbce78803d516f9.wav
18,ali is proud,Ali is proud.,"warm, gentle and unhurried, like a kind grandfather reading to a small child",Gemini,Ali is proud.,C:\hirednerds-portfolio\public\fireworks\little-patterns\assets\voice\9ee0b4a48b0b177f.wav
19,ali is sad,Ali is sad.,"warm, gentle and unhurried, like a kind grandfather reading to a small child",Gemini,Ali is sad.,C:\hirednerds-portfolio\public\fireworks\little-patterns\assets\voice\d5f69273e723df09.wav
20,ali is surprised,Ali is surprised.,"warm, gentle and unhurried, like a kind grandfather reading to a small child",Gemini,Ali is surprised.,C:\hirednerds-portfolio\public\fireworks\little-patterns\assets\voice\fd3222d50e4c9749.wav
21,"ali is trying a new slide. ali says, i feel worried","Ali is trying a new slide. Ali says, I feel worried.","warm, gentle and unhurried, like a kind grandfather reading to a small child",Gemini,"Ali is trying a new slide. Ali says, I feel worried.",C:\hirednerds-portfolio\public\fireworks\little-patterns\assets\voice\2cba84aa26e49a99.wav
22,"ali is trying to untie a knot. ali says, i feel frustrated","Ali is trying to untie a knot. Ali says, I feel frustrated.","warm, gentle and unhurried, like a kind grandfather reading to a small child",Gemini,"Ali is trying to untie a knot. Ali says, I feel frustrated.",C:\hirednerds-portfolio\public\fireworks\little-patterns\assets\voice\714d67a2f765f5cf.wav
23,ali is worried,Ali is worried.,"warm, gentle and unhurried, like a kind grandfather reading to a small child",Gemini,Ali is worried.,C:\hirednerds-portfolio\public\fireworks\little-patterns\assets\voice\90f3a9006b2e2160.wav
24,"ali says, i feel angry","Ali says, I feel angry.","warm, gentle and unhurried, like a kind grandfather reading to a small child",Gemini,"Ali says, I feel angry.",C:\hirednerds-portfolio\public\fireworks\little-patterns\assets\voice\7a51f6b4843294ed.wav
25,"ali says, i feel frustrated","Ali says, I feel frustrated.","warm, gentle and unhurried, like a kind grandfather reading to a small child",Gemini,"Ali says, I feel frustrated.",C:\hirednerds-portfolio\public\fireworks\little-patterns\assets\voice\ce427c63ffb341e9.wav
26,"ali says, i feel happy","Ali says, I feel happy.","warm, gentle and unhurried, like a kind grandfather reading to a small child",Gemini,"Ali says, I feel happy.",C:\hirednerds-portfolio\public\fireworks\little-patterns\assets\voice\aa0275a9d7d3b86f.wav
27,"ali says, i feel proud","Ali says, I feel proud.","warm, gentle and unhurried, like a kind grandfather reading to a small child",Gemini,"Ali says, I feel proud.",C:\hirednerds-portfolio\public\fireworks\little-patterns\assets\voice\7d9bda1f17acf2dd.wav
28,"ali says, i feel worried","Ali says, I feel worried.","warm, gentle and unhurried, like a kind grandfather reading to a small child",Gemini,"Ali says, I feel worried.",C:\hirednerds-portfolio\public\fireworks\little-patterns\assets\voice\7b41fd237f719689.wav
29,"ali sees a flower in the garden. ali says, i feel happy","Ali sees a flower in the garden. Ali says, I feel happy.","warm, gentle and unhurried, like a kind grandfather reading to a small child",Gemini,"Ali sees a flower in the garden. Ali says, I feel happy.",C:\hirednerds-portfolio\public\fireworks\little-patterns\assets\voice\a558894b56f47ffb.wav
30,angry,Angry.,"warm, gentle and unhurried, like a kind grandfather reading to a small child",Gemini,Angry,C:\hirednerds-portfolio\public\fireworks\little-patterns\assets\voice\0a96f1960786d85f.wav
31,apple,Apple.,"warm, gentle and unhurried, like a kind grandfather reading to a small child",Gemini,APPLE,C:\hirednerds-portfolio\public\fireworks\little-patterns\assets\voice\3a7bd3e2360a3d29.wav
32,apples,Apples.,"warm, gentle and unhurried, like a kind grandfather reading to a small child",Gemini,apples,C:\hirednerds-portfolio\public\fireworks\little-patterns\assets\voice\f5903f51e341a783.wav
33,asleep,Asleep.,"warm, gentle and unhurried, like a kind grandfather reading to a small child",Gemini,ASLEEP,C:\hirednerds-portfolio\public\fireworks\little-patterns\assets\voice\ea51ae6e548ffbb8.wav
34,ball,Ball.,"warm, gentle and unhurried, like a kind grandfather reading to a small child",Gemini,BALL,C:\hirednerds-portfolio\public\fireworks\little-patterns\assets\voice\e9de08263f4ad491.wav
35,basket,Basket.,"warm, gentle and unhurried, like a kind grandfather reading to a small child",Gemini,BASKET,C:\hirednerds-portfolio\public\fireworks\little-patterns\assets\voice\fa76d99ad957d952.wav
36,big,Big.,"warm, gentle and unhurried, like a kind grandfather reading to a small child",Gemini,BIG,C:\hirednerds-portfolio\public\fireworks\little-patterns\assets\voice\2a21fe6d592a19b7.wav
37,buh,buh.,"this is a phonics sound for a child learning to read: say only the short letter sound, as a teacher does when sounding out a word, never the letter's name, one short sound and nothing else (Letter B: record its phonics sound)",Gemini,Letter B: record its phonics sound,C:\hirednerds-portfolio\public\fireworks\little-patterns\assets\voice\e0fe87b9ef1bd5b3.wav
38,bus,Bus.,"warm, gentle and unhurried, like a kind grandfather reading to a small child",Gemini,BUS,C:\hirednerds-portfolio\public\fireworks\little-patterns\assets\voice\04e027e4990a203f.wav
39,calm,Calm.,"warm, gentle and unhurried, like a kind grandfather reading to a small child",Gemini,Calm,C:\hirednerds-portfolio\public\fireworks\little-patterns\assets\voice\2b4b2eadf7b2aece.wav
40,cat,Cat.,"warm, gentle and unhurried, like a kind grandfather reading to a small child",Gemini,CAT,C:\hirednerds-portfolio\public\fireworks\little-patterns\assets\voice\77af778b51abd4a3.wav
41,circle,Circle.,"warm, gentle and unhurried, like a kind grandfather reading to a small child",Gemini,circle,C:\hirednerds-portfolio\public\fireworks\little-patterns\assets\voice\8a39178d327e72a9.wav
42,copy if you like. or just look,Copy if you like. Or just look.,"warm, gentle and unhurried, like a kind grandfather reading to a small child",Gemini,Copy if you like. Or just look.,C:\hirednerds-portfolio\public\fireworks\little-patterns\assets\voice\2c1fbe9f0df5e77f.wav
43,correct,Correct!,pleased and encouraging,Gemini,Correct!,C:\hirednerds-portfolio\public\fireworks\little-patterns\assets\voice\15a596e3c98c407e.wav
44,cuh,cuh.,"this is a phonics sound for a child learning to read: say only the short letter sound, as a teacher does when sounding out a word, never the letter's name, one short sound and nothing else (Letter C: record its phonics sound)",Gemini,Letter C: record its phonics sound,C:\hirednerds-portfolio\public\fireworks\little-patterns\assets\voice\d303d1e2da806b11.wav
45,diamond,Diamond.,"warm, gentle and unhurried, like a kind grandfather reading to a small child",Gemini,diamond,C:\hirednerds-portfolio\public\fireworks\little-patterns\assets\voice\81c9d6128b5fcd7b.wav
46,disappointed,Disappointed.,"warm, gentle and unhurried, like a kind grandfather reading to a small child",Gemini,Disappointed,C:\hirednerds-portfolio\public\fireworks\little-patterns\assets\voice\364d78e6fc3db786.wav
47,dog,Dog.,"warm, gentle and unhurried, like a kind grandfather reading to a small child",Gemini,DOG,C:\hirednerds-portfolio\public\fireworks\little-patterns\assets\voice\cd6357efdd966de8.wav
48,dry,Dry.,"warm, gentle and unhurried, like a kind grandfather reading to a small child",Gemini,DRY,C:\hirednerds-portfolio\public\fireworks\little-patterns\assets\voice\b755cb248c3c4a7d.wav
49,duh,duh.,"this is a phonics sound for a child learning to read: say only the short letter sound, as a teacher does when sounding out a word, never the letter's name, one short sound and nothing else (Letter D: record its phonics sound)",Gemini,Letter D: record its phonics sound,C:\hirednerds-portfolio\public\fireworks\little-patterns\assets\voice\8bf8d03ef2ed098c.wav
50,eight,Eight.,"warm, gentle and unhurried, like a kind grandfather reading to a small child",Gemini,EIGHT,C:\hirednerds-portfolio\public\fireworks\little-patterns\assets\voice\c195d2d875623436.wav
51,eighteen,Eighteen.,"warm, gentle and unhurried, like a kind grandfather reading to a small child",Gemini,EIGHTEEN,C:\hirednerds-portfolio\public\fireworks\little-patterns\assets\voice\34357b18abddea18.wav
52,eighty,Eighty.,"warm, gentle and unhurried, like a kind grandfather reading to a small child",Gemini,EIGHTY,C:\hirednerds-portfolio\public\fireworks\little-patterns\assets\voice\0dbc3407a7080e3d.wav
53,eleven,Eleven.,"warm, gentle and unhurried, like a kind grandfather reading to a small child",Gemini,ELEVEN,C:\hirednerds-portfolio\public\fireworks\little-patterns\assets\voice\e979074ebd5633a7.wav
54,equals,Equals.,"warm, gentle and unhurried, like a kind grandfather reading to a small child",Gemini,equals,C:\hirednerds-portfolio\public\fireworks\little-patterns\assets\voice\e93cb41d4a7d2395.wav
55,excited,Excited.,"warm, gentle and unhurried, like a kind grandfather reading to a small child",Gemini,Excited,C:\hirednerds-portfolio\public\fireworks\little-patterns\assets\voice\8d1c8a7a12c3739b.wav
56,fast,Fast.,"warm, gentle and unhurried, like a kind grandfather reading to a small child",Gemini,FAST,C:\hirednerds-portfolio\public\fireworks\little-patterns\assets\voice\115dc3606fbf8691.wav
57,fifteen,Fifteen.,"warm, gentle and unhurried, like a kind grandfather reading to a small child",Gemini,FIFTEEN,C:\hirednerds-portfolio\public\fireworks\little-patterns\assets\voice\c463967e5708cab7.wav
58,fifty,Fifty.,"warm, gentle and unhurried, like a kind grandfather reading to a small child",Gemini,FIFTY,C:\hirednerds-portfolio\public\fireworks\little-patterns\assets\voice\f8d807ee15e983f8.wav
59,find the same picture,Find the same picture.,"warm, gentle and unhurried, like a kind grandfather reading to a small child",Gemini,Find the same picture.,C:\hirednerds-portfolio\public\fireworks\little-patterns\assets\voice\ac2198cf54b12093.wav
60,fish,Fish.,"warm, gentle and unhurried, like a kind grandfather reading to a small child",Gemini,FISH,C:\hirednerds-portfolio\public\fireworks\little-patterns\assets\voice\b474a99a2705e23c.wav
61,five,Five.,"warm, gentle and unhurried, like a kind grandfather reading to a small child",Gemini,FIVE,C:\hirednerds-portfolio\public\fireworks\little-patterns\assets\voice\222b0bd51fcef7e6.wav
62,flower,Flower.,"warm, gentle and unhurried, like a kind grandfather reading to a small child",Gemini,FLOWER,C:\hirednerds-portfolio\public\fireworks\little-patterns\assets\voice\c06b0cfe0cc5e900.wav
63,forty,Forty.,"warm, gentle and unhurried, like a kind grandfather reading to a small child",Gemini,FORTY,C:\hirednerds-portfolio\public\fireworks\little-patterns\assets\voice\9cee2304bd633d42.wav
64,four,Four.,"warm, gentle and unhurried, like a kind grandfather reading to a small child",Gemini,FOUR,C:\hirednerds-portfolio\public\fireworks\little-patterns\assets\voice\04efaf080f5a3e74.wav
65,fourteen,Fourteen.,"warm, gentle and unhurried, like a kind grandfather reading to a small child",Gemini,FOURTEEN,C:\hirednerds-portfolio\public\fireworks\little-patterns\assets\voice\fef8f41cdcd20386.wav
66,frustrated,Frustrated.,"warm, gentle and unhurried, like a kind grandfather reading to a small child",Gemini,Frustrated,C:\hirednerds-portfolio\public\fireworks\little-patterns\assets\voice\6afb642998f6a61b.wav
67,fuh,fuh.,"this is a phonics sound for a child learning to read: say only the short letter sound, as a teacher does when sounding out a word, never the letter's name, one short sound and nothing else (Letter F: record its phonics sound)",Gemini,Letter F: record its phonics sound,C:\hirednerds-portfolio\public\fireworks\little-patterns\assets\voice\644773b2a640de10.wav
68,good matching,Good matching!,pleased and encouraging,Gemini,Good matching!,C:\hirednerds-portfolio\public\fireworks\little-patterns\assets\voice\3ccd358740c14ac5.wav
69,guh,guh.,"this is a phonics sound for a child learning to read: say only the short letter sound, as a teacher does when sounding out a word, never the letter's name, one short sound and nothing else (Letter G: record its phonics sound)",Gemini,Letter G: record its phonics sound,C:\hirednerds-portfolio\public\fireworks\little-patterns\assets\voice\8adc754deabcaf8e.wav
70,happy,Happy.,"warm, gentle and unhurried, like a kind grandfather reading to a small child",Gemini,Happy,C:\hirednerds-portfolio\public\fireworks\little-patterns\assets\voice\489f719cadf91909.wav
71,hello! i'm nook. let's play,Hello! I'm Nook. Let's play.,"warm and welcoming, gently pleased to see the child; his name Nook rhymes with book and look, never with sock",Gemini,Hello! I'm Nook. Let's play.,C:\hirednerds-portfolio\public\fireworks\little-patterns\assets\voice\cd845c4b46d3d15f.wav
72,hot,Hot.,"warm, gentle and unhurried, like a kind grandfather reading to a small child",Gemini,HOT,C:\hirednerds-portfolio\public\fireworks\little-patterns\assets\voice\7f5d1618e7d28cc7.wav
73,huh,huh.,"this is a phonics sound for a child learning to read: say only the short letter sound, as a teacher does when sounding out a word, never the letter's name, one short sound and nothing else (Letter H: record its phonics sound)",Gemini,Letter H: record its phonics sound,C:\hirednerds-portfolio\public\fireworks\little-patterns\assets\voice\e48510d1ff85568d.wav
74,jo is angry,Jo is angry.,"warm, gentle and unhurried, like a kind grandfather reading to a small child",Gemini,Jo is angry.,C:\hirednerds-portfolio\public\fireworks\little-patterns\assets\voice\4bfcce5191476332.wav
75,jo is calm,Jo is calm.,"warm, gentle and unhurried, like a kind grandfather reading to a small child",Gemini,Jo is calm.,C:\hirednerds-portfolio\public\fireworks\little-patterns\assets\voice\1a9c139ee58d17d9.wav
76,jo is disappointed,Jo is disappointed.,"warm, gentle and unhurried, like a kind grandfather reading to a small child",Gemini,Jo is disappointed.,C:\hirednerds-portfolio\public\fireworks\little-patterns\assets\voice\6b561d636783f762.wav
77,jo is excited,Jo is excited.,"warm, gentle and unhurried, like a kind grandfather reading to a small child",Gemini,Jo is excited.,C:\hirednerds-portfolio\public\fireworks\little-patterns\assets\voice\9d744a359e75e1fa.wav
78,jo is frustrated,Jo is frustrated.,"warm, gentle and unhurried, like a kind grandfather reading to a small child",Gemini,Jo is frustrated.,C:\hirednerds-portfolio\public\fireworks\little-patterns\assets\voice\388e35aa22c39283.wav
79,"jo is getting ready for a picnic. jo says, i feel excited","Jo is getting ready for a picnic. Jo says, I feel excited.","warm, gentle and unhurried, like a kind grandfather reading to a small child",Gemini,"Jo is getting ready for a picnic. Jo says, I feel excited.",C:\hirednerds-portfolio\public\fireworks\little-patterns\assets\voice\cc37a22e9ad43be4.wav
80,jo is happy,Jo is happy.,"warm, gentle and unhurried, like a kind grandfather reading to a small child",Gemini,Jo is happy.,C:\hirednerds-portfolio\public\fireworks\little-patterns\assets\voice\676197551db413fa.wav
81,jo is proud,Jo is proud.,"warm, gentle and unhurried, like a kind grandfather reading to a small child",Gemini,Jo is proud.,C:\hirednerds-portfolio\public\fireworks\little-patterns\assets\voice\531d5777b76e04ac.wav
82,"jo is reading in a cosy chair. jo says, i feel calm","Jo is reading in a cosy chair. Jo says, I feel calm.","warm, gentle and unhurried, like a kind grandfather reading to a small child",Gemini,"Jo is reading in a cosy chair. Jo says, I feel calm.",C:\hirednerds-portfolio\public\fireworks\little-patterns\assets\voice\31900d6c55350275.wav
83,jo is sad,Jo is sad.,"warm, gentle and unhurried, like a kind grandfather reading to a small child",Gemini,Jo is sad.,C:\hirednerds-portfolio\public\fireworks\little-patterns\assets\voice\d39b7c58627ba2fa.wav
84,jo is surprised,Jo is surprised.,"warm, gentle and unhurried, like a kind grandfather reading to a small child",Gemini,Jo is surprised.,C:\hirednerds-portfolio\public\fireworks\little-patterns\assets\voice\fa4c076f8f17b32e.wav
85,jo is worried,Jo is worried.,"warm, gentle and unhurried, like a kind grandfather reading to a small child",Gemini,Jo is worried.,C:\hirednerds-portfolio\public\fireworks\little-patterns\assets\voice\9d4df0cd61a95ad3.wav
86,"jo says, i feel calm","Jo says, I feel calm.","warm, gentle and unhurried, like a kind grandfather reading to a small child",Gemini,"Jo says, I feel calm.",C:\hirednerds-portfolio\public\fireworks\little-patterns\assets\voice\82dae4d572fdb1a1.wav
87,"jo says, i feel disappointed","Jo says, I feel disappointed.","warm, gentle and unhurried, like a kind grandfather reading to a small child",Gemini,"Jo says, I feel disappointed.",C:\hirednerds-portfolio\public\fireworks\little-patterns\assets\voice\64282c0b85b36b1e.wav
88,"jo says, i feel excited","Jo says, I feel excited.","warm, gentle and unhurried, like a kind grandfather reading to a small child",Gemini,"Jo says, I feel excited.",C:\hirednerds-portfolio\public\fireworks\little-patterns\assets\voice\65e6d5b178bcf5f5.wav
89,"jo says, i feel sad","Jo says, I feel sad.","warm, gentle and unhurried, like a kind grandfather reading to a small child",Gemini,"Jo says, I feel sad.",C:\hirednerds-portfolio\public\fireworks\little-patterns\assets\voice\70b9b960c30ee972.wav
90,"jo says, i feel surprised","Jo says, I feel surprised.","warm, gentle and unhurried, like a kind grandfather reading to a small child",Gemini,"Jo says, I feel surprised.",C:\hirednerds-portfolio\public\fireworks\little-patterns\assets\voice\652b99639fd8bd6c.wav
91,"jo sees a new shoot in the pot. jo says, i feel surprised","Jo sees a new shoot in the pot. Jo says, I feel surprised.","warm, gentle and unhurried, like a kind grandfather reading to a small child",Gemini,"Jo sees a new shoot in the pot. Jo says, I feel surprised.",C:\hirednerds-portfolio\public\fireworks\little-patterns\assets\voice\ecace914edf4df77.wav
92,"jo wanted blue paint. the pot is empty. jo says, i feel disappointed","Jo wanted blue paint. The pot is empty. Jo says, I feel disappointed.","warm, gentle and unhurried, like a kind grandfather reading to a small child",Gemini,"Jo wanted blue paint. The pot is empty. Jo says, I feel disappointed.",C:\hirednerds-portfolio\public\fireworks\little-patterns\assets\voice\ad794dd9bf4dadc8.wav
93,"jo's favourite song has ended. jo says, i feel sad","Jo's favourite song has ended. Jo says, I feel sad.","warm, gentle and unhurried, like a kind grandfather reading to a small child",Gemini,"Jo's favourite song has ended. Jo says, I feel sad.",C:\hirednerds-portfolio\public\fireworks\little-patterns\assets\voice\5a15f27b58aed77a.wav
94,juh,juh.,"this is a phonics sound for a child learning to read: say only the short letter sound, as a teacher does when sounding out a word, never the letter's name, one short sound and nothing else (Letter J: record its phonics sound)",Gemini,Letter J: record its phonics sound,C:\hirednerds-portfolio\public\fireworks\little-patterns\assets\voice\5c2ed1176c910bba.wav
95,jump,Jump.,"warm, gentle and unhurried, like a kind grandfather reading to a small child",Gemini,JUMP,C:\hirednerds-portfolio\public\fireworks\little-patterns\assets\voice\6bdaf554e42029bd.wav
96,kuh,kuh.,"this is a phonics sound for a child learning to read: say only the short letter sound, as a teacher does when sounding out a word, never the letter's name, one short sound and nothing else (Letter K: record its phonics sound)",Gemini,Letter K: record its phonics sound,C:\hirednerds-portfolio\public\fireworks\little-patterns\assets\voice\4531a6e8544d9f5a.wav
97,kwuh,kwuh.,"this is a phonics sound for a child learning to read: say only the short letter sound, as a teacher does when sounding out a word, never the letter's name, one short sound and nothing else (Letter Q: record its phonics sound)",Gemini,Letter Q: record its phonics sound,C:\hirednerds-portfolio\public\fireworks\little-patterns\assets\voice\57c4b8ce664bec85.wav
98,loud,Loud.,"warm, gentle and unhurried, like a kind grandfather reading to a small child",Gemini,LOUD,C:\hirednerds-portfolio\public\fireworks\little-patterns\assets\voice\db1a60bbff220d09.wav
99,lovely counting,Lovely counting.,quietly delighted,Gemini,Lovely counting.,C:\hirednerds-portfolio\public\fireworks\little-patterns\assets\voice\66768c7c98a9998e.wav
100,moon,Moon.,"warm, gentle and unhurried, like a kind grandfather reading to a small child",Gemini,MOON,C:\hirednerds-portfolio\public\fireworks\little-patterns\assets\voice\9e78b43ea00edcac.wav
101,muh,muh.,"this is a phonics sound for a child learning to read: say only the short letter sound, as a teacher does when sounding out a word, never the letter's name, one short sound and nothing else (Letter M: record its phonics sound)",Gemini,Letter M: record its phonics sound,C:\hirednerds-portfolio\public\fireworks\little-patterns\assets\voice\8cf5844c38045aa1.wav
102,nine,Nine.,"warm, gentle and unhurried, like a kind grandfather reading to a small child",Gemini,NINE,C:\hirednerds-portfolio\public\fireworks\little-patterns\assets\voice\edcd8e701a2df0cd.wav
103,nineteen,Nineteen.,"warm, gentle and unhurried, like a kind grandfather reading to a small child",Gemini,NINETEEN,C:\hirednerds-portfolio\public\fireworks\little-patterns\assets\voice\cde4e100efd26f5b.wav
104,ninety,Ninety.,"warm, gentle and unhurried, like a kind grandfather reading to a small child",Gemini,NINETY,C:\hirednerds-portfolio\public\fireworks\little-patterns\assets\voice\521c74a4d5824aba.wav
105,nook eats an apple,Nook eats an apple.,"warm, gentle and unhurried, like a kind grandfather reading to a small child; the name Nook rhymes with book and look, never with sock",Gemini,Nook eats an APPLE.,C:\hirednerds-portfolio\public\fireworks\little-patterns\assets\voice\4cbe16d017ce61b6.wav
106,nook eats an blank,Nook eats an blank.,"warm, gentle and unhurried, like a kind grandfather reading to a small child",Gemini,Nook eats an blank.,C:\hirednerds-portfolio\public\fireworks\little-patterns\assets\voice\4570116a308e8a37.wav
107,nook has a ball,Nook has a ball.,"warm, gentle and unhurried, like a kind grandfather reading to a small child",Gemini,Nook has a BALL.,C:\hirednerds-portfolio\public\fireworks\little-patterns\assets\voice\486982f46b8ca8c1.wav
108,nook has a blank,Nook has a blank.,"warm, gentle and unhurried, like a kind grandfather reading to a small child",Gemini,Nook has a blank.,C:\hirednerds-portfolio\public\fireworks\little-patterns\assets\voice\ecdd73d4e551aa04.wav
109,nook has a soft ball,Nook has a soft ball.,"warm, gentle and unhurried, like a kind grandfather reading to a small child",Gemini,Nook has a soft BALL.,C:\hirednerds-portfolio\public\fireworks\little-patterns\assets\voice\85b7de6b48557ac4.wav
110,nook has a soft blank,Nook has a soft blank.,"warm, gentle and unhurried, like a kind grandfather reading to a small child; the word blank is a placeholder for a missing word: say exactly the one-syllable word blank, never blanket, plank or blanking, and add no other words",Gemini,Nook has a soft blank.,C:\hirednerds-portfolio\public\fireworks\little-patterns\assets\voice\37552dcec6b75fab.wav
111,not sure,Not sure.,"warm, gentle and unhurried, like a kind grandfather reading to a small child",Gemini,Not sure,C:\hirednerds-portfolio\public\fireworks\little-patterns\assets\voice\3a7ef1f377c8efdc.wav
112,nuh,nuh.,"this is a phonics sound for a child learning to read: say only the short letter sound, as a teacher does when sounding out a word, never the letter's name, one short sound and nothing else (Letter N: record its phonics sound)",Gemini,Letter N: record its phonics sound,C:\hirednerds-portfolio\public\fireworks\little-patterns\assets\voice\dcf2e01ec4ea88bf.wav
113,one,One.,"warm, gentle and unhurried, like a kind grandfather reading to a small child",Gemini,ONE,C:\hirednerds-portfolio\public\fireworks\little-patterns\assets\voice\7692c3ad3540bb80.wav
114,one hundred,One hundred.,"warm, gentle and unhurried, like a kind grandfather reading to a small child",Gemini,ONE HUNDRED,C:\hirednerds-portfolio\public\fireworks\little-patterns\assets\voice\a86a6a017586300c.wav
115,oval,Oval.,"warm, gentle and unhurried, like a kind grandfather reading to a small child",Gemini,oval,C:\hirednerds-portfolio\public\fireworks\little-patterns\assets\voice\3fb847f1d0c26c90.wav
116,phonics-a,a.,"this is a phonics sound for a child learning to read: say only the short letter sound, as a teacher does when sounding out a word, never the letter's name, one short sound and nothing else (Short a, as in apple; Ah)",Gemini,"Short a, as in apple; Ah",C:\hirednerds-portfolio\public\fireworks\little-patterns\assets\voice\d9d7035b812ea372.wav
117,phonics-e,e.,"this is a phonics sound for a child learning to read: say only the short letter sound, as a teacher does when sounding out a word, never the letter's name, one short sound and nothing else (Short e, as in egg; Eh)",Gemini,"Short e, as in egg; Eh",C:\hirednerds-portfolio\public\fireworks\little-patterns\assets\voice\4b1d090638ef2d10.wav
118,phonics-i,i.,"this is a phonics sound for a child learning to read: say only the short letter sound, as a teacher does when sounding out a word, never the letter's name, one short sound and nothing else (Short i, as in in; not eye)",Gemini,"Short i, as in in; not eye",C:\hirednerds-portfolio\public\fireworks\little-patterns\assets\voice\e6a17ba6139ca932.wav
119,phonics-l,l.,"this is a phonics sound for a child learning to read: say only the short letter sound, as a teacher does when sounding out a word, never the letter's name, one short sound and nothing else (Ul, ending in l); only the consonant l, a held 'lll' as at the start of lamp, with no oo or other vowel before it",Gemini,"Ul, ending in l",C:\hirednerds-portfolio\public\fireworks\little-patterns\assets\voice\c66d9929f219107e.wav
120,phonics-o,o.,"this is a phonics sound for a child learning to read: say only the short letter sound, as a teacher does when sounding out a word, never the letter's name, one short sound and nothing else (Short o, as in off or on); the short British o of on, off and dog, lips rounded; not the uh of up and not ah",Gemini,"Short o, as in off or on",C:\hirednerds-portfolio\public\fireworks\little-patterns\assets\voice\3a40254ce551234c.wav
121,phonics-r,r.,"this is a phonics sound for a child learning to read: say only the short letter sound, as a teacher does when sounding out a word, never the letter's name, one short sound and nothing else (Sustained r; rurrrr)",Gemini,Sustained r; rurrrr,C:\hirednerds-portfolio\public\fireworks\little-patterns\assets\voice\6bc2da7bf883f8c8.wav
122,phonics-x,x.,"this is a phonics sound for a child learning to read: say only the short letter sound, as a teacher does when sounding out a word, never the letter's name, one short sound and nothing else (Kus, one sound sequence rather than letter names)",Gemini,"Kus, one sound sequence rather than letter names",C:\hirednerds-portfolio\public\fireworks\little-patterns\assets\voice\41d3158aad4af591.wav
123,phonics-z,z.,"this is a phonics sound for a child learning to read: say only the short letter sound, as a teacher does when sounding out a word, never the letter's name, one short sound and nothing else (Voiced zzzuh, not s)",Gemini,"Voiced zzzuh, not s",C:\hirednerds-portfolio\public\fireworks\little-patterns\assets\voice\f0a7e77bf713674d.wav
124,plus,Plus.,"warm, gentle and unhurried, like a kind grandfather reading to a small child",Gemini,plus,C:\hirednerds-portfolio\public\fireworks\little-patterns\assets\voice\383ef36928344f56.wav
125,proud,Proud.,"warm, gentle and unhurried, like a kind grandfather reading to a small child",Gemini,Proud,C:\hirednerds-portfolio\public\fireworks\little-patterns\assets\voice\d069c85283b98c2c.wav
126,puh,puh.,"this is a phonics sound for a child learning to read: say only the short letter sound, as a teacher does when sounding out a word, never the letter's name, one short sound and nothing else (Letter P: record its phonics sound)",Gemini,Letter P: record its phonics sound,C:\hirednerds-portfolio\public\fireworks\little-patterns\assets\voice\6dc77b6b33cfb87c.wav
127,read,Read.,"warm, gentle and unhurried, like a kind grandfather reading to a small child; the present-tense verb, rhyming with seed",Gemini,READ,C:\hirednerds-portfolio\public\fireworks\little-patterns\assets\voice\3316348dbadfb7b1.wav
128,"robin hears a favourite song. robin says, i feel excited","Robin hears a favourite song. Robin says, I feel excited.","warm, gentle and unhurried, like a kind grandfather reading to a small child",Gemini,"Robin hears a favourite song. Robin says, I feel excited.",C:\hirednerds-portfolio\public\fireworks\little-patterns\assets\voice\67f86f50da48fb87.wav
129,robin is angry,Robin is angry.,"warm, gentle and unhurried, like a kind grandfather reading to a small child",Gemini,Robin is angry.,C:\hirednerds-portfolio\public\fireworks\little-patterns\assets\voice\667d5cb941c1f7af.wav
130,robin is calm,Robin is calm.,"warm, gentle and unhurried, like a kind grandfather reading to a small child",Gemini,Robin is calm.,C:\hirednerds-portfolio\public\fireworks\little-patterns\assets\voice\f0ce2d3cacc54c80.wav
131,robin is disappointed,Robin is disappointed.,"warm, gentle and unhurried, like a kind grandfather reading to a small child",Gemini,Robin is disappointed.,C:\hirednerds-portfolio\public\fireworks\little-patterns\assets\voice\05e3027e50ed9b15.wav
132,robin is excited,Robin is excited.,"warm, gentle and unhurried, like a kind grandfather reading to a small child",Gemini,Robin is excited.,C:\hirednerds-portfolio\public\fireworks\little-patterns\assets\voice\91f59280174428aa.wav
133,robin is frustrated,Robin is frustrated.,"warm, gentle and unhurried, like a kind grandfather reading to a small child",Gemini,Robin is frustrated.,C:\hirednerds-portfolio\public\fireworks\little-patterns\assets\voice\d3e665658900ea76.wav
134,robin is happy,Robin is happy.,"warm, gentle and unhurried, like a kind grandfather reading to a small child",Gemini,Robin is happy.,C:\hirednerds-portfolio\public\fireworks\little-patterns\assets\voice\2d82e2e778876076.wav
135,robin is proud,Robin is proud.,"warm, gentle and unhurried, like a kind grandfather reading to a small child",Gemini,Robin is proud.,C:\hirednerds-portfolio\public\fireworks\little-patterns\assets\voice\30d14668fdd70833.wav
136,robin is sad,Robin is sad.,"warm, gentle and unhurried, like a kind grandfather reading to a small child",Gemini,Robin is sad.,C:\hirednerds-portfolio\public\fireworks\little-patterns\assets\voice\f894e48204fdb5ab.wav
137,robin is surprised,Robin is surprised.,"warm, gentle and unhurried, like a kind grandfather reading to a small child",Gemini,Robin is surprised.,C:\hirednerds-portfolio\public\fireworks\little-patterns\assets\voice\374e5cc7332f9db8.wav
138,robin is worried,Robin is worried.,"warm, gentle and unhurried, like a kind grandfather reading to a small child",Gemini,Robin is worried.,C:\hirednerds-portfolio\public\fireworks\little-patterns\assets\voice\a32bf3058d011186.wav
139,"robin says, i feel angry","Robin says, I feel angry.","warm, gentle and unhurried, like a kind grandfather reading to a small child",Gemini,"Robin says, I feel angry.",C:\hirednerds-portfolio\public\fireworks\little-patterns\assets\voice\45c1693d84f604ed.wav
140,"robin says, i feel disappointed","Robin says, I feel disappointed.","warm, gentle and unhurried, like a kind grandfather reading to a small child",Gemini,"Robin says, I feel disappointed.",C:\hirednerds-portfolio\public\fireworks\little-patterns\assets\voice\6444c6de3923ec8d.wav
141,"robin says, i feel excited","Robin says, I feel excited.","warm, gentle and unhurried, like a kind grandfather reading to a small child",Gemini,"Robin says, I feel excited.",C:\hirednerds-portfolio\public\fireworks\little-patterns\assets\voice\aa3cd5efaf164303.wav
142,"robin says, i feel sad","Robin says, I feel sad.","warm, gentle and unhurried, like a kind grandfather reading to a small child",Gemini,"Robin says, I feel sad.",C:\hirednerds-portfolio\public\fireworks\little-patterns\assets\voice\d3929096ed791a02.wav
143,"robin says, i feel surprised","Robin says, I feel surprised.","warm, gentle and unhurried, like a kind grandfather reading to a small child",Gemini,"Robin says, I feel surprised.",C:\hirednerds-portfolio\public\fireworks\little-patterns\assets\voice\264d28a8075bc5d5.wav
144,"robin wanted the swings. they are closed today. robin says, i feel disappointed","Robin wanted the swings. They are closed today. Robin says, I feel disappointed.","warm, gentle and unhurried, like a kind grandfather reading to a small child",Gemini,"Robin wanted the swings. They are closed today. Robin says, I feel disappointed.",C:\hirednerds-portfolio\public\fireworks\little-patterns\assets\voice\491f3d36109b835c.wav
145,"robin wanted to play outside. it is raining. robin says, i feel sad","Robin wanted to play outside. It is raining. Robin says, I feel sad.","warm, gentle and unhurried, like a kind grandfather reading to a small child",Gemini,"Robin wanted to play outside. It is raining. Robin says, I feel sad.",C:\hirednerds-portfolio\public\fireworks\little-patterns\assets\voice\19418ad4301e202b.wav
146,"robin's zip is stuck. robin says, i feel angry","Robin's zip is stuck. Robin says, I feel angry.","warm, gentle and unhurried, like a kind grandfather reading to a small child",Gemini,"Robin's zip is stuck. Robin says, I feel angry.",C:\hirednerds-portfolio\public\fireworks\little-patterns\assets\voice\e8d749e041dcc658.wav
147,run,Run.,"warm, gentle and unhurried, like a kind grandfather reading to a small child",Gemini,RUN,C:\hirednerds-portfolio\public\fireworks\little-patterns\assets\voice\acba25512100f80b.wav
148,sad,Sad.,"warm, gentle and unhurried, like a kind grandfather reading to a small child",Gemini,Sad,C:\hirednerds-portfolio\public\fireworks\little-patterns\assets\voice\45c9a6614fccd4f9.wav
149,"sam has finished a drawing. sam says, i feel proud","Sam has finished a drawing. Sam says, I feel proud.","warm, gentle and unhurried, like a kind grandfather reading to a small child",Gemini,"Sam has finished a drawing. Sam says, I feel proud.",C:\hirednerds-portfolio\public\fireworks\little-patterns\assets\voice\3f014844e22f1e93.wav
150,sam is angry,Sam is angry.,"warm, gentle and unhurried, like a kind grandfather reading to a small child",Gemini,Sam is angry.,C:\hirednerds-portfolio\public\fireworks\little-patterns\assets\voice\bbc4813165548f53.wav
151,sam is calm,Sam is calm.,"warm, gentle and unhurried, like a kind grandfather reading to a small child",Gemini,Sam is calm.,C:\hirednerds-portfolio\public\fireworks\little-patterns\assets\voice\35cbd257cc94b863.wav
152,sam is disappointed,Sam is disappointed.,"warm, gentle and unhurried, like a kind grandfather reading to a small child",Gemini,Sam is disappointed.,C:\hirednerds-portfolio\public\fireworks\little-patterns\assets\voice\637b6e98b8baf40e.wav
153,sam is excited,Sam is excited.,"warm, gentle and unhurried, like a kind grandfather reading to a small child",Gemini,Sam is excited.,C:\hirednerds-portfolio\public\fireworks\little-patterns\assets\voice\6f1656345bb70dd7.wav
154,sam is frustrated,Sam is frustrated.,"warm, gentle and unhurried, like a kind grandfather reading to a small child",Gemini,Sam is frustrated.,C:\hirednerds-portfolio\public\fireworks\little-patterns\assets\voice\93ac893726aff5a0.wav
155,sam is happy,Sam is happy.,"warm, gentle and unhurried, like a kind grandfather reading to a small child",Gemini,Sam is happy.,C:\hirednerds-portfolio\public\fireworks\little-patterns\assets\voice\6c92975a4fcb9ab5.wav
156,"sam is playing with bubbles. sam says, i feel happy","Sam is playing with bubbles. Sam says, I feel happy.","warm, gentle and unhurried, like a kind grandfather reading to a small child",Gemini,"Sam is playing with bubbles. Sam says, I feel happy.",C:\hirednerds-portfolio\public\fireworks\little-patterns\assets\voice\5e6821859f42a6a2.wav
157,sam is proud,Sam is proud.,"warm, gentle and unhurried, like a kind grandfather reading to a small child",Gemini,Sam is proud.,C:\hirednerds-portfolio\public\fireworks\little-patterns\assets\voice\c1cce15061263998.wav
158,"sam is resting under a tree. sam says, i feel calm","Sam is resting under a tree. Sam says, I feel calm.","warm, gentle and unhurried, like a kind grandfather reading to a small child",Gemini,"Sam is resting under a tree. Sam says, I feel calm.",C:\hirednerds-portfolio\public\fireworks\little-patterns\assets\voice\b680b1dc7ab05a87.wav
159,sam is sad,Sam is sad.,"warm, gentle and unhurried, like a kind grandfather reading to a small child",Gemini,Sam is sad.,C:\hirednerds-portfolio\public\fireworks\little-patterns\assets\voice\3c5401d7839c2c08.wav
160,sam is surprised,Sam is surprised.,"warm, gentle and unhurried, like a kind grandfather reading to a small child",Gemini,Sam is surprised.,C:\hirednerds-portfolio\public\fireworks\little-patterns\assets\voice\d8fd6dd0338b4274.wav
161,"sam is trying a new swimming class. sam says, i feel worried","Sam is trying a new swimming class. Sam says, I feel worried.","warm, gentle and unhurried, like a kind grandfather reading to a small child",Gemini,"Sam is trying a new swimming class. Sam says, I feel worried.",C:\hirednerds-portfolio\public\fireworks\little-patterns\assets\voice\9c99d52fce0e0658.wav
162,"sam is trying to thread a bead. sam says, i feel frustrated","Sam is trying to thread a bead. Sam says, I feel frustrated.","warm, gentle and unhurried, like a kind grandfather reading to a small child",Gemini,"Sam is trying to thread a bead. Sam says, I feel frustrated.",C:\hirednerds-portfolio\public\fireworks\little-patterns\assets\voice\e02a3446ebb3a602.wav
163,sam is worried,Sam is worried.,"warm, gentle and unhurried, like a kind grandfather reading to a small child",Gemini,Sam is worried.,C:\hirednerds-portfolio\public\fireworks\little-patterns\assets\voice\5151010f6f40f995.wav
164,"sam says, i feel calm","Sam says, I feel calm.","warm, gentle and unhurried, like a kind grandfather reading to a small child",Gemini,"Sam says, I feel calm.",C:\hirednerds-portfolio\public\fireworks\little-patterns\assets\voice\2f3dbf096efff74a.wav
165,"sam says, i feel frustrated","Sam says, I feel frustrated.","warm, gentle and unhurried, like a kind grandfather reading to a small child",Gemini,"Sam says, I feel frustrated.",C:\hirednerds-portfolio\public\fireworks\little-patterns\assets\voice\44411e4dbd549564.wav
166,"sam says, i feel happy","Sam says, I feel happy.","warm, gentle and unhurried, like a kind grandfather reading to a small child",Gemini,"Sam says, I feel happy.",C:\hirednerds-portfolio\public\fireworks\little-patterns\assets\voice\91cc9fb284ef9e3b.wav
167,"sam says, i feel proud","Sam says, I feel proud.","warm, gentle and unhurried, like a kind grandfather reading to a small child",Gemini,"Sam says, I feel proud.",C:\hirednerds-portfolio\public\fireworks\little-patterns\assets\voice\0be58b1f5271ce05.wav
168,"sam says, i feel worried","Sam says, I feel worried.","warm, gentle and unhurried, like a kind grandfather reading to a small child",Gemini,"Sam says, I feel worried.",C:\hirednerds-portfolio\public\fireworks\little-patterns\assets\voice\a2cf35e2799d23ac.wav
169,seven,Seven.,"warm, gentle and unhurried, like a kind grandfather reading to a small child",Gemini,SEVEN,C:\hirednerds-portfolio\public\fireworks\little-patterns\assets\voice\3ba8d02b16fd2a01.wav
170,seventeen,Seventeen.,"warm, gentle and unhurried, like a kind grandfather reading to a small child",Gemini,SEVENTEEN,C:\hirednerds-portfolio\public\fireworks\little-patterns\assets\voice\2c5abdef2a0eacb4.wav
171,seventy,Seventy.,"warm, gentle and unhurried, like a kind grandfather reading to a small child",Gemini,SEVENTY,C:\hirednerds-portfolio\public\fireworks\little-patterns\assets\voice\ab0e4b1a7839571e.wav
172,sing,Sing.,"warm, gentle and unhurried, like a kind grandfather reading to a small child",Gemini,SING,C:\hirednerds-portfolio\public\fireworks\little-patterns\assets\voice\6342d0648a746457.wav
173,six,Six.,"warm, gentle and unhurried, like a kind grandfather reading to a small child",Gemini,SIX,C:\hirednerds-portfolio\public\fireworks\little-patterns\assets\voice\44778d82365e4af6.wav
174,sixteen,Sixteen.,"warm, gentle and unhurried, like a kind grandfather reading to a small child",Gemini,SIXTEEN,C:\hirednerds-portfolio\public\fireworks\little-patterns\assets\voice\f2ce341fdaa67727.wav
175,sixty,Sixty.,"warm, gentle and unhurried, like a kind grandfather reading to a small child",Gemini,SIXTY,C:\hirednerds-portfolio\public\fireworks\little-patterns\assets\voice\df41164e151227b3.wav
176,soft,Soft.,"warm, gentle and unhurried, like a kind grandfather reading to a small child",Gemini,SOFT,C:\hirednerds-portfolio\public\fireworks\little-patterns\assets\voice\f5f445528f4a0134.wav
177,something else,Something else.,"warm, gentle and unhurried, like a kind grandfather reading to a small child",Gemini,Something else,C:\hirednerds-portfolio\public\fireworks\little-patterns\assets\voice\f41f3fa625ff120d.wav
178,spot on,Spot on!,pleased and encouraging,Gemini,Spot on!,C:\hirednerds-portfolio\public\fireworks\little-patterns\assets\voice\701039022100b133.wav
179,square,Square.,"warm, gentle and unhurried, like a kind grandfather reading to a small child",Gemini,square,C:\hirednerds-portfolio\public\fireworks\little-patterns\assets\voice\4ba3e8e3765f2970.wav
180,suh,suh.,"this is a phonics sound for a child learning to read: say only the short letter sound, as a teacher does when sounding out a word, never the letter's name, one short sound and nothing else (Letter S: record its phonics sound)",Gemini,Letter S: record its phonics sound,C:\hirednerds-portfolio\public\fireworks\little-patterns\assets\voice\09444a69322fe262.wav
181,sun,Sun.,"warm, gentle and unhurried, like a kind grandfather reading to a small child",Gemini,SUN,C:\hirednerds-portfolio\public\fireworks\little-patterns\assets\voice\27756f050e14a1cb.wav
182,surprised,Surprised.,"warm, gentle and unhurried, like a kind grandfather reading to a small child",Gemini,Surprised,C:\hirednerds-portfolio\public\fireworks\little-patterns\assets\voice\0f471c347284f2de.wav
183,swim,Swim.,"warm, gentle and unhurried, like a kind grandfather reading to a small child",Gemini,SWIM,C:\hirednerds-portfolio\public\fireworks\little-patterns\assets\voice\d493f8869139bac7.wav
184,take away,Take away.,"warm, gentle and unhurried, like a kind grandfather reading to a small child",Gemini,take away,C:\hirednerds-portfolio\public\fireworks\little-patterns\assets\voice\1ea6dbf5abafb168.wav
185,tall,Tall.,"warm, gentle and unhurried, like a kind grandfather reading to a small child",Gemini,TALL,C:\hirednerds-portfolio\public\fireworks\little-patterns\assets\voice\241daf2e753a6a2f.wav
186,ten,Ten.,"warm, gentle and unhurried, like a kind grandfather reading to a small child",Gemini,TEN,C:\hirednerds-portfolio\public\fireworks\little-patterns\assets\voice\e4432baa90819aae.wav
187,that's right,That's right!,pleased and encouraging,Gemini,That's right!,C:\hirednerds-portfolio\public\fireworks\little-patterns\assets\voice\af565205531d050d.wav
188,that’s the one,That’s the one.,"warm, gentle and unhurried, like a kind grandfather reading to a small child",Gemini,That’s the one.,C:\hirednerds-portfolio\public\fireworks\little-patterns\assets\voice\d1d4be35e20c529d.wav
189,the ball is wet,The ball is wet.,"warm, gentle and unhurried, like a kind grandfather reading to a small child",Gemini,The BALL is wet.,C:\hirednerds-portfolio\public\fireworks\little-patterns\assets\voice\1b81e1b68c53c98b.wav
190,the big blank can run,The big blank can run.,"warm, gentle and unhurried, like a kind grandfather reading to a small child",Gemini,The big blank can run.,C:\hirednerds-portfolio\public\fireworks\little-patterns\assets\voice\be0e617423d184fb.wav
191,the big dog can run,The big dog can run.,"warm, gentle and unhurried, like a kind grandfather reading to a small child",Gemini,The big DOG can run.,C:\hirednerds-portfolio\public\fireworks\little-patterns\assets\voice\84f9cd86601b8fc4.wav
192,the blank can run,The blank can run.,"warm, gentle and unhurried, like a kind grandfather reading to a small child",Gemini,The blank can run.,C:\hirednerds-portfolio\public\fireworks\little-patterns\assets\voice\39ca6e3ce816e821.wav
193,the blank can swim,The blank can swim.,"warm, gentle and unhurried, like a kind grandfather reading to a small child",Gemini,The blank can swim.,C:\hirednerds-portfolio\public\fireworks\little-patterns\assets\voice\6b777fcce352e2a4.wav
194,the blank is asleep,The blank is asleep.,"warm, gentle and unhurried, like a kind grandfather reading to a small child",Gemini,The blank is asleep.,C:\hirednerds-portfolio\public\fireworks\little-patterns\assets\voice\2e7b07640841494a.wav
195,the blank is big,The blank is big.,"warm, gentle and unhurried, like a kind grandfather reading to a small child",Gemini,The blank is big.,C:\hirednerds-portfolio\public\fireworks\little-patterns\assets\voice\94281d9ffd832655.wav
196,the blank is dry,The blank is dry.,"warm, gentle and unhurried, like a kind grandfather reading to a small child; the word blank is a placeholder for a missing word: say exactly the one-syllable word blank, never blanket, plank or blanking, and add no other words",Gemini,The blank is dry.,C:\hirednerds-portfolio\public\fireworks\little-patterns\assets\voice\104193e406959a03.wav
197,the blank is hot,The blank is hot.,"warm, gentle and unhurried, like a kind grandfather reading to a small child",Gemini,The blank is hot.,C:\hirednerds-portfolio\public\fireworks\little-patterns\assets\voice\125ae1d727261b9c.wav
198,the blank is out,The blank is out.,"warm, gentle and unhurried, like a kind grandfather reading to a small child",Gemini,The blank is out.,C:\hirednerds-portfolio\public\fireworks\little-patterns\assets\voice\9e3ce4c5b421b661.wav
199,the blank is wet,The blank is wet.,"warm, gentle and unhurried, like a kind grandfather reading to a small child; the word blank is a placeholder for a missing word: say exactly the one-syllable word blank, never blanket, plank or blanking, and add no other words",Gemini,The blank is wet.,C:\hirednerds-portfolio\public\fireworks\little-patterns\assets\voice\0cea167cb2d1ba21.wav
200,the bus is big,The bus is big.,"warm, gentle and unhurried, like a kind grandfather reading to a small child",Gemini,The bus is BIG.,C:\hirednerds-portfolio\public\fireworks\little-patterns\assets\voice\cf49fdc89a611a78.wav
201,the bus is blank,The bus is blank.,"warm, gentle and unhurried, like a kind grandfather reading to a small child",Gemini,The bus is blank.,C:\hirednerds-portfolio\public\fireworks\little-patterns\assets\voice\553d0f8f579a8a4e.wav
202,the cat is asleep,The cat is asleep.,"warm, gentle and unhurried, like a kind grandfather reading to a small child",Gemini,The CAT is asleep.,C:\hirednerds-portfolio\public\fireworks\little-patterns\assets\voice\5c71bfd2211a2a2a.wav
203,the cat is asleep now,The cat is asleep now.,"warm, gentle and unhurried, like a kind grandfather reading to a small child",Gemini,The cat is ASLEEP now.,C:\hirednerds-portfolio\public\fireworks\little-patterns\assets\voice\b51599eaa1927024.wav
204,the cat is blank now,The cat is blank now.,"warm, gentle and unhurried, like a kind grandfather reading to a small child; the word blank is a placeholder for a missing word: say exactly the one-syllable word blank, never blanket, plank or blanking, and add no other words",Gemini,The cat is blank now.,C:\hirednerds-portfolio\public\fireworks\little-patterns\assets\voice\129ff7d4a0a4874f.wav
205,the cat is dry,The cat is dry.,"warm, gentle and unhurried, like a kind grandfather reading to a small child",Gemini,The CAT is dry.,C:\hirednerds-portfolio\public\fireworks\little-patterns\assets\voice\354a987ac212b525.wav
206,the dog can blank,The dog can blank.,"warm, gentle and unhurried, like a kind grandfather reading to a small child",Gemini,The dog can blank.,C:\hirednerds-portfolio\public\fireworks\little-patterns\assets\voice\265fd8540a581790.wav
207,the dog can jump,The dog can jump.,"warm, gentle and unhurried, like a kind grandfather reading to a small child",Gemini,The dog can JUMP.,C:\hirednerds-portfolio\public\fireworks\little-patterns\assets\voice\2979e9ef8cf5d55a.wav
208,the dog can run,The dog can run.,"warm, gentle and unhurried, like a kind grandfather reading to a small child",Gemini,The DOG can run.,C:\hirednerds-portfolio\public\fireworks\little-patterns\assets\voice\299f4a270d4aa1c1.wav
209,the dog is wet,The dog is wet.,"warm, gentle and unhurried, like a kind grandfather reading to a small child",Gemini,The DOG is wet.,C:\hirednerds-portfolio\public\fireworks\little-patterns\assets\voice\91458c0859da1f73.wav
210,the fish can swim,The fish can swim.,"warm, gentle and unhurried, like a kind grandfather reading to a small child",Gemini,The FISH can swim.,C:\hirednerds-portfolio\public\fireworks\little-patterns\assets\voice\1023a92b7ee7138c.wav
211,the fish is blank,The fish is blank.,"warm, gentle and unhurried, like a kind grandfather reading to a small child",Gemini,The fish is blank.,C:\hirednerds-portfolio\public\fireworks\little-patterns\assets\voice\ccdad5e75baa8a84.wav
212,the fish is wet,The fish is wet.,"warm, gentle and unhurried, like a kind grandfather reading to a small child",Gemini,The fish is WET.,C:\hirednerds-portfolio\public\fireworks\little-patterns\assets\voice\684ee3b431243b36.wav
213,the little blank is fast,The little blank is fast.,"warm, gentle and unhurried, like a kind grandfather reading to a small child",Gemini,The little blank is fast.,C:\hirednerds-portfolio\public\fireworks\little-patterns\assets\voice\3e7a77cc6b8486f4.wav
214,the little bus is fast,The little bus is fast.,"warm, gentle and unhurried, like a kind grandfather reading to a small child",Gemini,The little BUS is fast.,C:\hirednerds-portfolio\public\fireworks\little-patterns\assets\voice\d4c8bc9e7701c11a.wav
215,the moon is big,The moon is big.,"warm, gentle and unhurried, like a kind grandfather reading to a small child",Gemini,The MOON is big.,C:\hirednerds-portfolio\public\fireworks\little-patterns\assets\voice\85f92e09b11b213c.wav
216,the moon is out,The moon is out.,"warm, gentle and unhurried, like a kind grandfather reading to a small child",Gemini,The MOON is out.,C:\hirednerds-portfolio\public\fireworks\little-patterns\assets\voice\028f7e44a18871bf.wav
217,the pattern fits,The pattern fits.,"warm, gentle and unhurried, like a kind grandfather reading to a small child",Gemini,The pattern fits.,C:\hirednerds-portfolio\public\fireworks\little-patterns\assets\voice\ae257bdf0b20f846.wav
218,the sun is blank,The sun is blank.,"warm, gentle and unhurried, like a kind grandfather reading to a small child",Gemini,The sun is blank.,C:\hirednerds-portfolio\public\fireworks\little-patterns\assets\voice\b53b586b4d12870c.wav
219,the sun is hot,The sun is hot.,"warm, gentle and unhurried, like a kind grandfather reading to a small child",Gemini,The sun is HOT.,C:\hirednerds-portfolio\public\fireworks\little-patterns\assets\voice\a9713ed03c06a734.wav
220,the tall blank is dry,The tall blank is dry.,"warm, gentle and unhurried, like a kind grandfather reading to a small child; the word blank is a placeholder for a missing word: say exactly the one-syllable word blank, never blanket, plank or blanking, and add no other words",Gemini,The tall blank is dry.,C:\hirednerds-portfolio\public\fireworks\little-patterns\assets\voice\2f943b63fbadd164.wav
221,the tall tree is dry,The tall tree is dry.,"warm, gentle and unhurried, like a kind grandfather reading to a small child",Gemini,The tall TREE is dry.,C:\hirednerds-portfolio\public\fireworks\little-patterns\assets\voice\55b4c94f5a29f819.wav
222,the tree is blank,The tree is blank.,"warm, gentle and unhurried, like a kind grandfather reading to a small child; the word blank is a placeholder for a missing word: say exactly the one-syllable word blank, never blanket, plank or blanking, and add no other words",Gemini,The tree is blank.,C:\hirednerds-portfolio\public\fireworks\little-patterns\assets\voice\eccc960503b5fff9.wav
223,the tree is tall,The tree is tall.,"warm, gentle and unhurried, like a kind grandfather reading to a small child",Gemini,The tree is TALL.,C:\hirednerds-portfolio\public\fireworks\little-patterns\assets\voice\c44adc9f2857ee0b.wav
224,thirteen,Thirteen.,"warm, gentle and unhurried, like a kind grandfather reading to a small child",Gemini,THIRTEEN,C:\hirednerds-portfolio\public\fireworks\little-patterns\assets\voice\9ecc81f0a4b6dfb0.wav
225,thirty,Thirty.,"warm, gentle and unhurried, like a kind grandfather reading to a small child",Gemini,THIRTY,C:\hirednerds-portfolio\public\fireworks\little-patterns\assets\voice\aca5fb59db69e5df.wav
226,three,Three.,"warm, gentle and unhurried, like a kind grandfather reading to a small child",Gemini,THREE,C:\hirednerds-portfolio\public\fireworks\little-patterns\assets\voice\8b5b9db0c13db242.wav
227,tree,Tree.,"warm, gentle and unhurried, like a kind grandfather reading to a small child",Gemini,TREE,C:\hirednerds-portfolio\public\fireworks\little-patterns\assets\voice\dc9c5edb8b2d479e.wav
228,triangle,Triangle.,"warm, gentle and unhurried, like a kind grandfather reading to a small child",Gemini,triangle,C:\hirednerds-portfolio\public\fireworks\little-patterns\assets\voice\0a3f13c673af2389.wav
229,tuh,tuh.,"this is a phonics sound for a child learning to read: say only the short letter sound, as a teacher does when sounding out a word, never the letter's name, one short sound and nothing else (Letter T: record its phonics sound)",Gemini,Letter T: record its phonics sound,C:\hirednerds-portfolio\public\fireworks\little-patterns\assets\voice\56da34e117f26910.wav
230,twelve,Twelve.,"warm, gentle and unhurried, like a kind grandfather reading to a small child",Gemini,TWELVE,C:\hirednerds-portfolio\public\fireworks\little-patterns\assets\voice\d1a749ad879b6c07.wav
231,twenty,Twenty.,"warm, gentle and unhurried, like a kind grandfather reading to a small child",Gemini,TWENTY,C:\hirednerds-portfolio\public\fireworks\little-patterns\assets\voice\7c2c4df740f720b0.wav
232,two,Two.,"warm, gentle and unhurried, like a kind grandfather reading to a small child",Gemini,TWO,C:\hirednerds-portfolio\public\fireworks\little-patterns\assets\voice\3fc4ccfe745870e2.wav
233,uh,uh.,"this is a phonics sound for a child learning to read: say only the short letter sound, as a teacher does when sounding out a word, never the letter's name, one short sound and nothing else (Letter U: record its phonics sound)",Gemini,Letter U: record its phonics sound,C:\hirednerds-portfolio\public\fireworks\little-patterns\assets\voice\beba745afae85039.wav
234,vuh,vuh.,"this is a phonics sound for a child learning to read: say only the short letter sound, as a teacher does when sounding out a word, never the letter's name, one short sound and nothing else (Letter V: record its phonics sound)",Gemini,Letter V: record its phonics sound,C:\hirednerds-portfolio\public\fireworks\little-patterns\assets\voice\aec36b9bd60a968b.wav
235,well done,Well done!,pleased and encouraging,Gemini,Well done!,C:\hirednerds-portfolio\public\fireworks\little-patterns\assets\voice\894b6c18383b7c19.wav
236,wet,Wet.,"warm, gentle and unhurried, like a kind grandfather reading to a small child",Gemini,WET,C:\hirednerds-portfolio\public\fireworks\little-patterns\assets\voice\534c51e17770c9b7.wav
237,whoops! try again,Whoops! Try again.,"kind and reassuring, not disappointed",Gemini,Whoops! Try again.,C:\hirednerds-portfolio\public\fireworks\little-patterns\assets\voice\15ec5b852f9542e7.wav
238,worried,Worried.,"warm, gentle and unhurried, like a kind grandfather reading to a small child",Gemini,Worried,C:\hirednerds-portfolio\public\fireworks\little-patterns\assets\voice\13d9ead0ef6e1b24.wav
239,wuh,wuh.,"this is a phonics sound for a child learning to read: say only the short letter sound, as a teacher does when sounding out a word, never the letter's name, one short sound and nothing else (Letter W: record its phonics sound)",Gemini,Letter W: record its phonics sound,C:\hirednerds-portfolio\public\fireworks\little-patterns\assets\voice\de32b2ec5fa60ef8.wav
240,yes,Yes!,pleased and encouraging,Gemini,Yes!,C:\hirednerds-portfolio\public\fireworks\little-patterns\assets\voice\8a798890fe938171.wav
241,you chose angry,You chose angry.,"warm, gentle and unhurried, like a kind grandfather reading to a small child",Gemini,You chose angry.,C:\hirednerds-portfolio\public\fireworks\little-patterns\assets\voice\5d4a3e0b9ca4f20a.wav
242,you chose calm,You chose calm.,"warm, gentle and unhurried, like a kind grandfather reading to a small child",Gemini,You chose calm.,C:\hirednerds-portfolio\public\fireworks\little-patterns\assets\voice\47957de6f524f99c.wav
243,you chose disappointed,You chose disappointed.,"warm, gentle and unhurried, like a kind grandfather reading to a small child",Gemini,You chose disappointed.,C:\hirednerds-portfolio\public\fireworks\little-patterns\assets\voice\32ca59055fe1e369.wav
244,you chose excited,You chose excited.,"warm, gentle and unhurried, like a kind grandfather reading to a small child",Gemini,You chose excited.,C:\hirednerds-portfolio\public\fireworks\little-patterns\assets\voice\469061f63dfa9fae.wav
245,you chose frustrated,You chose frustrated.,"warm, gentle and unhurried, like a kind grandfather reading to a small child",Gemini,You chose frustrated.,C:\hirednerds-portfolio\public\fireworks\little-patterns\assets\voice\def28531a89d4a56.wav
246,you chose happy,You chose happy.,"warm, gentle and unhurried, like a kind grandfather reading to a small child",Gemini,You chose happy.,C:\hirednerds-portfolio\public\fireworks\little-patterns\assets\voice\f47edc82713d7c41.wav
247,you chose not sure,You chose not sure.,"warm, gentle and unhurried, like a kind grandfather reading to a small child",Gemini,You chose not sure.,C:\hirednerds-portfolio\public\fireworks\little-patterns\assets\voice\f30531725ee0beb3.wav
248,you chose proud,You chose proud.,"warm, gentle and unhurried, like a kind grandfather reading to a small child",Gemini,You chose proud.,C:\hirednerds-portfolio\public\fireworks\little-patterns\assets\voice\427c6ffb4f46c836.wav
249,you chose sad,You chose sad.,"warm, gentle and unhurried, like a kind grandfather reading to a small child",Gemini,You chose sad.,C:\hirednerds-portfolio\public\fireworks\little-patterns\assets\voice\3e7126d4981d99c2.wav
250,you chose something else,You chose something else.,"warm, gentle and unhurried, like a kind grandfather reading to a small child",Gemini,You chose something else.,C:\hirednerds-portfolio\public\fireworks\little-patterns\assets\voice\52c33ab7c176d7bc.wav
251,you chose surprised,You chose surprised.,"warm, gentle and unhurried, like a kind grandfather reading to a small child",Gemini,You chose surprised.,C:\hirednerds-portfolio\public\fireworks\little-patterns\assets\voice\517df688dd8cf489.wav
252,you chose worried,You chose worried.,"warm, gentle and unhurried, like a kind grandfather reading to a small child",Gemini,You chose worried.,C:\hirednerds-portfolio\public\fireworks\little-patterns\assets\voice\3799faa92202e86d.wav
253,you found it,You found it.,pleased and encouraging,Gemini,You found it.,C:\hirednerds-portfolio\public\fireworks\little-patterns\assets\voice\d456801d10208a77.wav
254,yuh,yuh.,"this is a phonics sound for a child learning to read: say only the short letter sound, as a teacher does when sounding out a word, never the letter's name, one short sound and nothing else (Letter Y: record its phonics sound)",Gemini,Letter Y: record its phonics sound,C:\hirednerds-portfolio\public\fireworks\little-patterns\assets\voice\de9cacd3ffd7b623.wav
255,zero,Zero.,"warm, gentle and unhurried, like a kind grandfather reading to a small child",Gemini,ZERO,C:\hirednerds-portfolio\public\fireworks\little-patterns\assets\voice\f9194e73f9e9459e.wav
