{
  "id": "mastercv-mtdcnc-training-018",
  "text": "Jof Davies provided structured training across camera operation, editing, CRM usage, livestream workflow, and technical troubleshooting.\n\nResponsibilities include:\n- Training four MTDCNC staff in professional camera usage.\n- Training 5–10 camera operators in livestream workflows.\n- Teaching Premiere Pro fundamentals and advanced editing structures.\n- Delivering CRM onboarding and operational training across FiveCRM, HubSpot, and Genie.AI.\n- Mentoring junior editors informally.\n\nTraining focuses on enabling self-sufficiency, workflow clarity, and reduction of technical bottlenecks.",
  "metadata": {
    "source": "master-cv",
    "section": "training-mentoring"
  }
}