{
  "id": "mastercv-mtdcnc-livestream-012",
  "text": "Jof Davies directs and engineers multicamera livestreams for MTDCNC.\n\nCore competencies:\n- Operation of BMPCC, Sony, and Panasonic cameras.\n- ATEM and vMix switching, routing, encoding, and show management.\n- Use of SDI, NDI, RTMP-mini servers, and SRT for signal transport.\n- Wireless systems including Hollyland, LiveU, Teradek, and Vaxis.\n- Remote guest management and talkback integration with vMix Call.\n\nJof routinely manages all technical roles except presenting, including directing, mixing, camera operation, audio management, and live troubleshooting. Streams often incorporate remote signals from USA, India, Mexico, Europe, and the UK.",
  "metadata": {
    "source": "master-cv",
    "section": "livestream-engineering"
  }
}