{
  "id": "mastercv-mtdcnc-crm-014",
  "text": "Jof Davies architected CRM systems across FiveCRM, HubSpot, and Genie.AI for MTDCNC.\n\nKey capabilities:\n- Designing routing rules, lead scoring models, and enrichment flows.\n- Integrating scraping tools, Google Sheets, and automation logic with CRM platforms.\n- Presenting hot leads to sales teams with approximately 75% conversion rates.\n- Ensuring data hygiene, tagging consistency, and structured pipeline organisation.\n\nThe CRM automation workflow includes multi-branch enrichment, qualification, and nurturing sequences that create reliable, automated sales and marketing alignment.",
  "metadata": {
    "source": "master-cv",
    "section": "crm-architecture"
  }
}