{
  "id": "mastercv-mtdcnc-podcast-013",
  "text": "Jof Davies engineered MTDCNC’s podcast and Tech Corner production workflows.\n\nPodcast responsibilities:\n- Multicamera capture via ATEM.\n- Live-to-tape switching or continuous recording.\n- Audio capture, cleaning, and monitoring.\n- Structuring metadata and edit markers.\n\nTech Corners:\n- Camera operation, vision mixing, audio handling, and editing.\n- Separate capture of close-up sequences.\n- Rapid post-production workflows for polished output.\n\nJof produces approximately 12–20 Tech Corners per year currently, with significantly higher volume in earlier years.",
  "metadata": {
    "source": "master-cv",
    "section": "podcast-techcorner"
  }
}